week,candidate,term,count,total_words,normalized_freq,ngram_type
2025-08-10,Sherrill,bill,3,688,4.3604651162790695,1-gram
2025-08-10,Sherrill,campaign,1,688,1.4534883720930232,1-gram
2025-08-10,Sherrill,care,1,688,1.4534883720930232,1-gram
2025-08-10,Sherrill,children,2,688,2.9069767441860463,1-gram
2025-08-10,Sherrill,country,1,688,1.4534883720930232,1-gram
2025-08-10,Sherrill,governor,2,688,2.9069767441860463,1-gram
2025-08-10,Sherrill,health,1,688,1.4534883720930232,1-gram
2025-08-10,Sherrill,jack,2,688,2.9069767441860463,1-gram
2025-08-10,Sherrill,jersey,6,688,8.720930232558139,1-gram
2025-08-10,Sherrill,lot,2,688,2.9069767441860463,1-gram
2025-08-10,Sherrill,money,1,688,1.4534883720930232,1-gram
2025-08-10,Sherrill,opportunity,1,688,1.4534883720930232,1-gram
2025-08-10,Sherrill,parents,1,688,1.4534883720930232,1-gram
2025-08-10,Sherrill,people,17,688,24.709302325581394,1-gram
2025-08-10,Sherrill,president,1,688,1.4534883720930232,1-gram
2025-08-10,Sherrill,run,2,688,2.9069767441860463,1-gram
2025-08-10,Sherrill,running,1,688,1.4534883720930232,1-gram
2025-08-10,Sherrill,time,3,688,4.3604651162790695,1-gram
2025-08-10,Sherrill,trump,2,688,2.9069767441860463,1-gram
2025-08-10,Sherrill,vote,4,688,5.813953488372093,1-gram
2025-08-17,Sherrill,administration,3,2610,1.1494252873563218,1-gram
2025-08-17,Sherrill,bill,4,2610,1.5325670498084292,1-gram
2025-08-17,Sherrill,cost,7,2610,2.681992337164751,1-gram
2025-08-17,Sherrill,costs,14,2610,5.363984674329502,1-gram
2025-08-17,Sherrill,country,1,2610,0.3831417624521073,1-gram
2025-08-17,Sherrill,county,1,2610,0.3831417624521073,1-gram
2025-08-17,Sherrill,day,5,2610,1.9157088122605364,1-gram
2025-08-17,Sherrill,education,2,2610,0.7662835249042146,1-gram
2025-08-17,Sherrill,energy,11,2610,4.21455938697318,1-gram
2025-08-17,Sherrill,federal,5,2610,1.9157088122605364,1-gram
2025-08-17,Sherrill,feel,1,2610,0.3831417624521073,1-gram
2025-08-17,Sherrill,government,4,2610,1.5325670498084292,1-gram
2025-08-17,Sherrill,governor,8,2610,3.0651340996168583,1-gram
2025-08-17,Sherrill,jack,4,2610,1.5325670498084292,1-gram
2025-08-17,Sherrill,jersey,14,2610,5.363984674329502,1-gram
2025-08-17,Sherrill,lot,2,2610,0.7662835249042146,1-gram
2025-08-17,Sherrill,money,3,2610,1.1494252873563218,1-gram
2025-08-17,Sherrill,opponent,1,2610,0.3831417624521073,1-gram
2025-08-17,Sherrill,opportunity,1,2610,0.3831417624521073,1-gram
2025-08-17,Sherrill,people,6,2610,2.2988505747126435,1-gram
2025-08-17,Sherrill,plan,4,2610,1.5325670498084292,1-gram
2025-08-17,Sherrill,public,3,2610,1.1494252873563218,1-gram
2025-08-17,Sherrill,run,1,2610,0.3831417624521073,1-gram
2025-08-17,Sherrill,running,1,2610,0.3831417624521073,1-gram
2025-08-17,Sherrill,talk,1,2610,0.3831417624521073,1-gram
2025-08-17,Sherrill,tax,1,2610,0.3831417624521073,1-gram
2025-08-17,Sherrill,taxes,1,2610,0.3831417624521073,1-gram
2025-08-17,Sherrill,time,5,2610,1.9157088122605364,1-gram
2025-08-17,Sherrill,trump,7,2610,2.681992337164751,1-gram
2025-08-17,Sherrill,yeah,1,2610,0.3831417624521073,1-gram
2025-08-17,Sherrill,york,3,2610,1.1494252873563218,1-gram
2025-08-24,Sherrill,administration,1,6328,0.15802781289506954,1-gram
2025-08-24,Sherrill,business,7,6328,1.1061946902654867,1-gram
2025-08-24,Sherrill,campaign,7,6328,1.1061946902654867,1-gram
2025-08-24,Sherrill,care,1,6328,0.15802781289506954,1-gram
2025-08-24,Sherrill,children,3,6328,0.4740834386852086,1-gram
2025-08-24,Sherrill,communities,1,6328,0.15802781289506954,1-gram
2025-08-24,Sherrill,community,2,6328,0.31605562579013907,1-gram
2025-08-24,Sherrill,costs,3,6328,0.4740834386852086,1-gram
2025-08-24,Sherrill,country,6,6328,0.9481668773704172,1-gram
2025-08-24,Sherrill,county,5,6328,0.7901390644753477,1-gram
2025-08-24,Sherrill,day,4,6328,0.6321112515802781,1-gram
2025-08-24,Sherrill,education,1,6328,0.15802781289506954,1-gram
2025-08-24,Sherrill,energy,2,6328,0.31605562579013907,1-gram
2025-08-24,Sherrill,feel,12,6328,1.8963337547408343,1-gram
2025-08-24,Sherrill,government,3,6328,0.4740834386852086,1-gram
2025-08-24,Sherrill,governor,6,6328,0.9481668773704172,1-gram
2025-08-24,Sherrill,home,2,6328,0.31605562579013907,1-gram
2025-08-24,Sherrill,housing,2,6328,0.31605562579013907,1-gram
2025-08-24,Sherrill,jersey,19,6328,3.0025284450063214,1-gram
2025-08-24,Sherrill,job,2,6328,0.31605562579013907,1-gram
2025-08-24,Sherrill,kids,12,6328,1.8963337547408343,1-gram
2025-08-24,Sherrill,law,4,6328,0.6321112515802781,1-gram
2025-08-24,Sherrill,lot,14,6328,2.2123893805309733,1-gram
2025-08-24,Sherrill,money,1,6328,0.15802781289506954,1-gram
2025-08-24,Sherrill,opponent,2,6328,0.31605562579013907,1-gram
2025-08-24,Sherrill,opportunity,6,6328,0.9481668773704172,1-gram
2025-08-24,Sherrill,parents,3,6328,0.4740834386852086,1-gram
2025-08-24,Sherrill,people,23,6328,3.6346396965865995,1-gram
2025-08-24,Sherrill,plan,1,6328,0.15802781289506954,1-gram
2025-08-24,Sherrill,public,4,6328,0.6321112515802781,1-gram
2025-08-24,Sherrill,question,3,6328,0.4740834386852086,1-gram
2025-08-24,Sherrill,run,8,6328,1.2642225031605563,1-gram
2025-08-24,Sherrill,running,10,6328,1.5802781289506953,1-gram
2025-08-24,Sherrill,school,3,6328,0.4740834386852086,1-gram
2025-08-24,Sherrill,talk,9,6328,1.422250316055626,1-gram
2025-08-24,Sherrill,tax,2,6328,0.31605562579013907,1-gram
2025-08-24,Sherrill,taxes,2,6328,0.31605562579013907,1-gram
2025-08-24,Sherrill,time,7,6328,1.1061946902654867,1-gram
2025-08-24,Sherrill,trump,5,6328,0.7901390644753477,1-gram
2025-08-24,Sherrill,vote,1,6328,0.15802781289506954,1-gram
2025-08-24,Sherrill,yeah,15,6328,2.370417193426043,1-gram
2025-08-31,Ciattarelli,administration,12,11633,1.0315481818963292,1-gram
2025-08-31,Ciattarelli,bill,15,11633,1.2894352273704117,1-gram
2025-08-31,Ciattarelli,business,36,11633,3.094644545688988,1-gram
2025-08-31,Ciattarelli,campaign,6,11633,0.5157740909481646,1-gram
2025-08-31,Ciattarelli,care,4,11633,0.3438493939654431,1-gram
2025-08-31,Ciattarelli,children,10,11633,0.8596234849136078,1-gram
2025-08-31,Ciattarelli,communities,13,11633,1.11751053038769,1-gram
2025-08-31,Ciattarelli,community,10,11633,0.8596234849136078,1-gram
2025-08-31,Ciattarelli,cost,4,11633,0.3438493939654431,1-gram
2025-08-31,Ciattarelli,country,12,11633,1.0315481818963292,1-gram
2025-08-31,Ciattarelli,county,19,11633,1.633284621335855,1-gram
2025-08-31,Ciattarelli,day,24,11633,2.0630963637926585,1-gram
2025-08-31,Ciattarelli,education,12,11633,1.0315481818963292,1-gram
2025-08-31,Ciattarelli,energy,6,11633,0.5157740909481646,1-gram
2025-08-31,Ciattarelli,federal,5,11633,0.4298117424568039,1-gram
2025-08-31,Ciattarelli,feel,7,11633,0.6017364394395255,1-gram
2025-08-31,Ciattarelli,government,7,11633,0.6017364394395255,1-gram
2025-08-31,Ciattarelli,governor,39,11633,3.3525315911630704,1-gram
2025-08-31,Ciattarelli,home,11,11633,0.9455858334049686,1-gram
2025-08-31,Ciattarelli,housing,3,11633,0.2578870454740823,1-gram
2025-08-31,Ciattarelli,jack,9,11633,0.773661136422247,1-gram
2025-08-31,Ciattarelli,jersey,81,11633,6.962950227800224,1-gram
2025-08-31,Ciattarelli,job,14,11633,1.203472878879051,1-gram
2025-08-31,Ciattarelli,kids,8,11633,0.6876987879308862,1-gram
2025-08-31,Ciattarelli,law,22,11633,1.8911716668099372,1-gram
2025-08-31,Ciattarelli,lot,13,11633,1.11751053038769,1-gram
2025-08-31,Ciattarelli,money,2,11633,0.17192469698272156,1-gram
2025-08-31,Ciattarelli,opponent,16,11633,1.3753975758617725,1-gram
2025-08-31,Ciattarelli,opportunity,13,11633,1.11751053038769,1-gram
2025-08-31,Ciattarelli,parents,15,11633,1.2894352273704117,1-gram
2025-08-31,Ciattarelli,people,45,11633,3.8683056821112354,1-gram
2025-08-31,Ciattarelli,plan,1,11633,0.08596234849136078,1-gram
2025-08-31,Ciattarelli,president,11,11633,0.9455858334049686,1-gram
2025-08-31,Ciattarelli,property,11,11633,0.9455858334049686,1-gram
2025-08-31,Ciattarelli,public,21,11633,1.8052093183185765,1-gram
2025-08-31,Ciattarelli,question,2,11633,0.17192469698272156,1-gram
2025-08-31,Ciattarelli,run,8,11633,0.6876987879308862,1-gram
2025-08-31,Ciattarelli,running,8,11633,0.6876987879308862,1-gram
2025-08-31,Ciattarelli,school,41,11633,3.524456288145792,1-gram
2025-08-31,Ciattarelli,schools,22,11633,1.8911716668099372,1-gram
2025-08-31,Ciattarelli,talk,15,11633,1.2894352273704117,1-gram
2025-08-31,Ciattarelli,tax,37,11633,3.180606894180349,1-gram
2025-08-31,Ciattarelli,taxes,16,11633,1.3753975758617725,1-gram
2025-08-31,Ciattarelli,time,40,11633,3.4384939396544314,1-gram
2025-08-31,Ciattarelli,trump,17,11633,1.4613599243531332,1-gram
2025-08-31,Ciattarelli,vote,8,11633,0.6876987879308862,1-gram
2025-08-31,Ciattarelli,yeah,2,11633,0.17192469698272156,1-gram
2025-08-31,Ciattarelli,york,15,11633,1.2894352273704117,1-gram
2025-08-31,Sherrill,administration,5,6707,0.745489786789921,1-gram
2025-08-31,Sherrill,bill,2,6707,0.2981959147159684,1-gram
2025-08-31,Sherrill,business,1,6707,0.1490979573579842,1-gram
2025-08-31,Sherrill,campaign,5,6707,0.745489786789921,1-gram
2025-08-31,Sherrill,care,4,6707,0.5963918294319368,1-gram
2025-08-31,Sherrill,community,1,6707,0.1490979573579842,1-gram
2025-08-31,Sherrill,cost,7,6707,1.0436857015058894,1-gram
2025-08-31,Sherrill,costs,6,6707,0.8945877441479052,1-gram
2025-08-31,Sherrill,country,5,6707,0.745489786789921,1-gram
2025-08-31,Sherrill,county,3,6707,0.4472938720739526,1-gram
2025-08-31,Sherrill,day,3,6707,0.4472938720739526,1-gram
2025-08-31,Sherrill,education,2,6707,0.2981959147159684,1-gram
2025-08-31,Sherrill,federal,8,6707,1.1927836588638736,1-gram
2025-08-31,Sherrill,feel,4,6707,0.5963918294319368,1-gram
2025-08-31,Sherrill,government,8,6707,1.1927836588638736,1-gram
2025-08-31,Sherrill,governor,11,6707,1.6400775309378262,1-gram
2025-08-31,Sherrill,home,3,6707,0.4472938720739526,1-gram
2025-08-31,Sherrill,jack,3,6707,0.4472938720739526,1-gram
2025-08-31,Sherrill,jersey,60,6707,8.94587744147905,1-gram
2025-08-31,Sherrill,job,4,6707,0.5963918294319368,1-gram
2025-08-31,Sherrill,kids,2,6707,0.2981959147159684,1-gram
2025-08-31,Sherrill,lot,19,6707,2.8328611898017,1-gram
2025-08-31,Sherrill,money,2,6707,0.2981959147159684,1-gram
2025-08-31,Sherrill,opponent,4,6707,0.5963918294319368,1-gram
2025-08-31,Sherrill,opportunity,12,6707,1.7891754882958104,1-gram
2025-08-31,Sherrill,people,55,6707,8.20038765468913,1-gram
2025-08-31,Sherrill,president,5,6707,0.745489786789921,1-gram
2025-08-31,Sherrill,public,1,6707,0.1490979573579842,1-gram
2025-08-31,Sherrill,question,1,6707,0.1490979573579842,1-gram
2025-08-31,Sherrill,run,12,6707,1.7891754882958104,1-gram
2025-08-31,Sherrill,running,11,6707,1.6400775309378262,1-gram
2025-08-31,Sherrill,talk,10,6707,1.490979573579842,1-gram
2025-08-31,Sherrill,tax,3,6707,0.4472938720739526,1-gram
2025-08-31,Sherrill,taxes,3,6707,0.4472938720739526,1-gram
2025-08-31,Sherrill,time,22,6707,3.2801550618756523,1-gram
2025-08-31,Sherrill,trump,29,6707,4.323840763381542,1-gram
2025-08-31,Sherrill,vote,8,6707,1.1927836588638736,1-gram
2025-08-31,Sherrill,yeah,11,6707,1.6400775309378262,1-gram
2025-08-31,Sherrill,york,6,6707,0.8945877441479052,1-gram
2025-09-07,Ciattarelli,administration,3,3165,0.9478672985781991,1-gram
2025-09-07,Ciattarelli,bill,1,3165,0.31595576619273297,1-gram
2025-09-07,Ciattarelli,business,1,3165,0.31595576619273297,1-gram
2025-09-07,Ciattarelli,campaign,3,3165,0.9478672985781991,1-gram
2025-09-07,Ciattarelli,communities,2,3165,0.6319115323854659,1-gram
2025-09-07,Ciattarelli,community,1,3165,0.31595576619273297,1-gram
2025-09-07,Ciattarelli,country,1,3165,0.31595576619273297,1-gram
2025-09-07,Ciattarelli,day,24,3165,7.5829383886255926,1-gram
2025-09-07,Ciattarelli,education,3,3165,0.9478672985781991,1-gram
2025-09-07,Ciattarelli,energy,5,3165,1.5797788309636651,1-gram
2025-09-07,Ciattarelli,feel,2,3165,0.6319115323854659,1-gram
2025-09-07,Ciattarelli,government,1,3165,0.31595576619273297,1-gram
2025-09-07,Ciattarelli,governor,12,3165,3.7914691943127963,1-gram
2025-09-07,Ciattarelli,home,2,3165,0.6319115323854659,1-gram
2025-09-07,Ciattarelli,housing,4,3165,1.2638230647709319,1-gram
2025-09-07,Ciattarelli,jack,18,3165,5.687203791469194,1-gram
2025-09-07,Ciattarelli,jersey,23,3165,7.2669826224328595,1-gram
2025-09-07,Ciattarelli,kids,4,3165,1.2638230647709319,1-gram
2025-09-07,Ciattarelli,law,4,3165,1.2638230647709319,1-gram
2025-09-07,Ciattarelli,lot,6,3165,1.8957345971563981,1-gram
2025-09-07,Ciattarelli,opponent,2,3165,0.6319115323854659,1-gram
2025-09-07,Ciattarelli,opportunity,1,3165,0.31595576619273297,1-gram
2025-09-07,Ciattarelli,parents,6,3165,1.8957345971563981,1-gram
2025-09-07,Ciattarelli,people,8,3165,2.5276461295418637,1-gram
2025-09-07,Ciattarelli,president,1,3165,0.31595576619273297,1-gram
2025-09-07,Ciattarelli,public,2,3165,0.6319115323854659,1-gram
2025-09-07,Ciattarelli,question,1,3165,0.31595576619273297,1-gram
2025-09-07,Ciattarelli,run,2,3165,0.6319115323854659,1-gram
2025-09-07,Ciattarelli,running,1,3165,0.31595576619273297,1-gram
2025-09-07,Ciattarelli,school,4,3165,1.2638230647709319,1-gram
2025-09-07,Ciattarelli,schools,1,3165,0.31595576619273297,1-gram
2025-09-07,Ciattarelli,talk,8,3165,2.5276461295418637,1-gram
2025-09-07,Ciattarelli,tax,2,3165,0.6319115323854659,1-gram
2025-09-07,Ciattarelli,taxes,3,3165,0.9478672985781991,1-gram
2025-09-07,Ciattarelli,time,4,3165,1.2638230647709319,1-gram
2025-09-07,Ciattarelli,trump,2,3165,0.6319115323854659,1-gram
2025-09-07,Ciattarelli,vote,3,3165,0.9478672985781991,1-gram
2025-09-07,Ciattarelli,yeah,7,3165,2.211690363349131,1-gram
2025-09-07,Sherrill,administration,2,3664,0.5458515283842794,1-gram
2025-09-07,Sherrill,bill,3,3664,0.8187772925764192,1-gram
2025-09-07,Sherrill,business,3,3664,0.8187772925764192,1-gram
2025-09-07,Sherrill,campaign,5,3664,1.3646288209606987,1-gram
2025-09-07,Sherrill,care,4,3664,1.0917030567685588,1-gram
2025-09-07,Sherrill,community,1,3664,0.2729257641921397,1-gram
2025-09-07,Sherrill,cost,3,3664,0.8187772925764192,1-gram
2025-09-07,Sherrill,costs,16,3664,4.366812227074235,1-gram
2025-09-07,Sherrill,country,6,3664,1.6375545851528384,1-gram
2025-09-07,Sherrill,day,5,3664,1.3646288209606987,1-gram
2025-09-07,Sherrill,energy,3,3664,0.8187772925764192,1-gram
2025-09-07,Sherrill,feel,2,3664,0.5458515283842794,1-gram
2025-09-07,Sherrill,government,3,3664,0.8187772925764192,1-gram
2025-09-07,Sherrill,governor,2,3664,0.5458515283842794,1-gram
2025-09-07,Sherrill,health,5,3664,1.3646288209606987,1-gram
2025-09-07,Sherrill,housing,1,3664,0.2729257641921397,1-gram
2025-09-07,Sherrill,jack,5,3664,1.3646288209606987,1-gram
2025-09-07,Sherrill,jersey,16,3664,4.366812227074235,1-gram
2025-09-07,Sherrill,job,1,3664,0.2729257641921397,1-gram
2025-09-07,Sherrill,kids,6,3664,1.6375545851528384,1-gram
2025-09-07,Sherrill,lot,4,3664,1.0917030567685588,1-gram
2025-09-07,Sherrill,money,3,3664,0.8187772925764192,1-gram
2025-09-07,Sherrill,opponent,5,3664,1.3646288209606987,1-gram
2025-09-07,Sherrill,opportunity,3,3664,0.8187772925764192,1-gram
2025-09-07,Sherrill,parents,1,3664,0.2729257641921397,1-gram
2025-09-07,Sherrill,people,37,3664,10.098253275109169,1-gram
2025-09-07,Sherrill,plan,1,3664,0.2729257641921397,1-gram
2025-09-07,Sherrill,president,1,3664,0.2729257641921397,1-gram
2025-09-07,Sherrill,public,1,3664,0.2729257641921397,1-gram
2025-09-07,Sherrill,run,2,3664,0.5458515283842794,1-gram
2025-09-07,Sherrill,running,14,3664,3.820960698689956,1-gram
2025-09-07,Sherrill,school,3,3664,0.8187772925764192,1-gram
2025-09-07,Sherrill,talk,4,3664,1.0917030567685588,1-gram
2025-09-07,Sherrill,tax,1,3664,0.2729257641921397,1-gram
2025-09-07,Sherrill,taxes,1,3664,0.2729257641921397,1-gram
2025-09-07,Sherrill,time,6,3664,1.6375545851528384,1-gram
2025-09-07,Sherrill,trump,17,3664,4.639737991266376,1-gram
2025-09-07,Sherrill,yeah,4,3664,1.0917030567685588,1-gram
2025-09-07,Sherrill,york,1,3664,0.2729257641921397,1-gram
2025-09-14,Ciattarelli,administration,8,9798,0.8164931618697694,1-gram
2025-09-14,Ciattarelli,bill,8,9798,0.8164931618697694,1-gram
2025-09-14,Ciattarelli,business,12,9798,1.224739742804654,1-gram
2025-09-14,Ciattarelli,campaign,5,9798,0.5103082261686058,1-gram
2025-09-14,Ciattarelli,care,13,9798,1.326801388038375,1-gram
2025-09-14,Ciattarelli,children,23,9798,2.347417840375587,1-gram
2025-09-14,Ciattarelli,communities,11,9798,1.122678097570933,1-gram
2025-09-14,Ciattarelli,community,17,9798,1.7350479689732599,1-gram
2025-09-14,Ciattarelli,cost,1,9798,0.10206164523372117,1-gram
2025-09-14,Ciattarelli,costs,1,9798,0.10206164523372117,1-gram
2025-09-14,Ciattarelli,country,16,9798,1.6329863237395388,1-gram
2025-09-14,Ciattarelli,county,17,9798,1.7350479689732599,1-gram
2025-09-14,Ciattarelli,day,27,9798,2.7556644213104713,1-gram
2025-09-14,Ciattarelli,education,13,9798,1.326801388038375,1-gram
2025-09-14,Ciattarelli,energy,4,9798,0.4082465809348847,1-gram
2025-09-14,Ciattarelli,federal,3,9798,0.3061849357011635,1-gram
2025-09-14,Ciattarelli,feel,9,9798,0.9185548071034905,1-gram
2025-09-14,Ciattarelli,government,7,9798,0.7144315166360481,1-gram
2025-09-14,Ciattarelli,governor,36,9798,3.674219228413962,1-gram
2025-09-14,Ciattarelli,health,12,9798,1.224739742804654,1-gram
2025-09-14,Ciattarelli,home,27,9798,2.7556644213104713,1-gram
2025-09-14,Ciattarelli,housing,7,9798,0.7144315166360481,1-gram
2025-09-14,Ciattarelli,jack,10,9798,1.0206164523372117,1-gram
2025-09-14,Ciattarelli,jersey,41,9798,4.184527454582568,1-gram
2025-09-14,Ciattarelli,job,12,9798,1.224739742804654,1-gram
2025-09-14,Ciattarelli,kids,6,9798,0.612369871402327,1-gram
2025-09-14,Ciattarelli,law,1,9798,0.10206164523372117,1-gram
2025-09-14,Ciattarelli,money,5,9798,0.5103082261686058,1-gram
2025-09-14,Ciattarelli,opportunity,17,9798,1.7350479689732599,1-gram
2025-09-14,Ciattarelli,parents,21,9798,2.143294549908145,1-gram
2025-09-14,Ciattarelli,people,36,9798,3.674219228413962,1-gram
2025-09-14,Ciattarelli,plan,6,9798,0.612369871402327,1-gram
2025-09-14,Ciattarelli,president,19,9798,1.9391712594407022,1-gram
2025-09-14,Ciattarelli,property,18,9798,1.837109614206981,1-gram
2025-09-14,Ciattarelli,public,15,9798,1.5309246785058175,1-gram
2025-09-14,Ciattarelli,question,19,9798,1.9391712594407022,1-gram
2025-09-14,Ciattarelli,run,7,9798,0.7144315166360481,1-gram
2025-09-14,Ciattarelli,running,5,9798,0.5103082261686058,1-gram
2025-09-14,Ciattarelli,school,39,9798,3.980404164115126,1-gram
2025-09-14,Ciattarelli,schools,10,9798,1.0206164523372117,1-gram
2025-09-14,Ciattarelli,talk,2,9798,0.20412329046744235,1-gram
2025-09-14,Ciattarelli,tax,24,9798,2.449479485609308,1-gram
2025-09-14,Ciattarelli,taxes,12,9798,1.224739742804654,1-gram
2025-09-14,Ciattarelli,time,35,9798,3.572157583180241,1-gram
2025-09-14,Ciattarelli,trump,5,9798,0.5103082261686058,1-gram
2025-09-14,Ciattarelli,vote,4,9798,0.4082465809348847,1-gram
2025-09-14,Ciattarelli,yeah,3,9798,0.3061849357011635,1-gram
2025-09-14,Ciattarelli,york,5,9798,0.5103082261686058,1-gram
2025-09-21,Ciattarelli,administration,6,6501,0.9229349330872173,1-gram
2025-09-21,Ciattarelli,bill,4,6501,0.6152899553914782,1-gram
2025-09-21,Ciattarelli,business,9,6501,1.3844023996308261,1-gram
2025-09-21,Ciattarelli,campaign,4,6501,0.6152899553914782,1-gram
2025-09-21,Ciattarelli,care,3,6501,0.46146746654360865,1-gram
2025-09-21,Ciattarelli,children,3,6501,0.46146746654360865,1-gram
2025-09-21,Ciattarelli,communities,5,6501,0.7691124442393478,1-gram
2025-09-21,Ciattarelli,community,1,6501,0.15382248884786956,1-gram
2025-09-21,Ciattarelli,cost,1,6501,0.15382248884786956,1-gram
2025-09-21,Ciattarelli,country,9,6501,1.3844023996308261,1-gram
2025-09-21,Ciattarelli,county,8,6501,1.2305799107829565,1-gram
2025-09-21,Ciattarelli,day,22,6501,3.3840947546531304,1-gram
2025-09-21,Ciattarelli,education,12,6501,1.8458698661744346,1-gram
2025-09-21,Ciattarelli,energy,3,6501,0.46146746654360865,1-gram
2025-09-21,Ciattarelli,federal,2,6501,0.3076449776957391,1-gram
2025-09-21,Ciattarelli,feel,3,6501,0.46146746654360865,1-gram
2025-09-21,Ciattarelli,government,2,6501,0.3076449776957391,1-gram
2025-09-21,Ciattarelli,governor,15,6501,2.3073373327180433,1-gram
2025-09-21,Ciattarelli,home,4,6501,0.6152899553914782,1-gram
2025-09-21,Ciattarelli,housing,2,6501,0.3076449776957391,1-gram
2025-09-21,Ciattarelli,jack,11,6501,1.6920473773265652,1-gram
2025-09-21,Ciattarelli,jersey,40,6501,6.152899553914782,1-gram
2025-09-21,Ciattarelli,job,8,6501,1.2305799107829565,1-gram
2025-09-21,Ciattarelli,kids,4,6501,0.6152899553914782,1-gram
2025-09-21,Ciattarelli,law,3,6501,0.46146746654360865,1-gram
2025-09-21,Ciattarelli,lot,3,6501,0.46146746654360865,1-gram
2025-09-21,Ciattarelli,opponent,11,6501,1.6920473773265652,1-gram
2025-09-21,Ciattarelli,opportunity,2,6501,0.3076449776957391,1-gram
2025-09-21,Ciattarelli,parents,14,6501,2.1535148438701737,1-gram
2025-09-21,Ciattarelli,people,24,6501,3.691739732348869,1-gram
2025-09-21,Ciattarelli,plan,4,6501,0.6152899553914782,1-gram
2025-09-21,Ciattarelli,president,10,6501,1.5382248884786955,1-gram
2025-09-21,Ciattarelli,property,8,6501,1.2305799107829565,1-gram
2025-09-21,Ciattarelli,public,9,6501,1.3844023996308261,1-gram
2025-09-21,Ciattarelli,question,6,6501,0.9229349330872173,1-gram
2025-09-21,Ciattarelli,run,7,6501,1.0767574219350868,1-gram
2025-09-21,Ciattarelli,running,4,6501,0.6152899553914782,1-gram
2025-09-21,Ciattarelli,school,7,6501,1.0767574219350868,1-gram
2025-09-21,Ciattarelli,schools,7,6501,1.0767574219350868,1-gram
2025-09-21,Ciattarelli,talk,4,6501,0.6152899553914782,1-gram
2025-09-21,Ciattarelli,tax,27,6501,4.153207198892478,1-gram
2025-09-21,Ciattarelli,taxes,16,6501,2.461159821565913,1-gram
2025-09-21,Ciattarelli,time,14,6501,2.1535148438701737,1-gram
2025-09-21,Ciattarelli,trump,5,6501,0.7691124442393478,1-gram
2025-09-21,Ciattarelli,vote,5,6501,0.7691124442393478,1-gram
2025-09-21,Ciattarelli,yeah,1,6501,0.15382248884786956,1-gram
2025-09-21,Ciattarelli,york,4,6501,0.6152899553914782,1-gram
2025-09-21,Sherrill,administration,1,4838,0.20669698222405952,1-gram
2025-09-21,Sherrill,bill,1,4838,0.20669698222405952,1-gram
2025-09-21,Sherrill,business,3,4838,0.6200909466721786,1-gram
2025-09-21,Sherrill,campaign,1,4838,0.20669698222405952,1-gram
2025-09-21,Sherrill,care,1,4838,0.20669698222405952,1-gram
2025-09-21,Sherrill,children,3,4838,0.6200909466721786,1-gram
2025-09-21,Sherrill,community,4,4838,0.8267879288962381,1-gram
2025-09-21,Sherrill,cost,1,4838,0.20669698222405952,1-gram
2025-09-21,Sherrill,costs,1,4838,0.20669698222405952,1-gram
2025-09-21,Sherrill,country,3,4838,0.6200909466721786,1-gram
2025-09-21,Sherrill,day,2,4838,0.41339396444811904,1-gram
2025-09-21,Sherrill,education,1,4838,0.20669698222405952,1-gram
2025-09-21,Sherrill,federal,1,4838,0.20669698222405952,1-gram
2025-09-21,Sherrill,feel,1,4838,0.20669698222405952,1-gram
2025-09-21,Sherrill,government,3,4838,0.6200909466721786,1-gram
2025-09-21,Sherrill,governor,5,4838,1.0334849111202975,1-gram
2025-09-21,Sherrill,health,1,4838,0.20669698222405952,1-gram
2025-09-21,Sherrill,home,2,4838,0.41339396444811904,1-gram
2025-09-21,Sherrill,jack,5,4838,1.0334849111202975,1-gram
2025-09-21,Sherrill,jersey,12,4838,2.4803637866887143,1-gram
2025-09-21,Sherrill,job,1,4838,0.20669698222405952,1-gram
2025-09-21,Sherrill,kids,1,4838,0.20669698222405952,1-gram
2025-09-21,Sherrill,law,1,4838,0.20669698222405952,1-gram
2025-09-21,Sherrill,lot,12,4838,2.4803637866887143,1-gram
2025-09-21,Sherrill,money,3,4838,0.6200909466721786,1-gram
2025-09-21,Sherrill,opponent,7,4838,1.4468788755684168,1-gram
2025-09-21,Sherrill,opportunity,1,4838,0.20669698222405952,1-gram
2025-09-21,Sherrill,parents,2,4838,0.41339396444811904,1-gram
2025-09-21,Sherrill,people,27,4838,5.580818520049607,1-gram
2025-09-21,Sherrill,president,1,4838,0.20669698222405952,1-gram
2025-09-21,Sherrill,public,1,4838,0.20669698222405952,1-gram
2025-09-21,Sherrill,question,1,4838,0.20669698222405952,1-gram
2025-09-21,Sherrill,run,2,4838,0.41339396444811904,1-gram
2025-09-21,Sherrill,running,4,4838,0.8267879288962381,1-gram
2025-09-21,Sherrill,talk,4,4838,0.8267879288962381,1-gram
2025-09-21,Sherrill,tax,1,4838,0.20669698222405952,1-gram
2025-09-21,Sherrill,time,8,4838,1.6535758577924762,1-gram
2025-09-21,Sherrill,trump,10,4838,2.066969822240595,1-gram
2025-09-21,Sherrill,vote,5,4838,1.0334849111202975,1-gram
2025-09-21,Sherrill,yeah,12,4838,2.4803637866887143,1-gram
2025-09-28,Ciattarelli,administration,10,14113,0.7085665698292355,1-gram
2025-09-28,Ciattarelli,bill,13,14113,0.9211365407780061,1-gram
2025-09-28,Ciattarelli,business,5,14113,0.35428328491461775,1-gram
2025-09-28,Ciattarelli,campaign,12,14113,0.8502798837950826,1-gram
2025-09-28,Ciattarelli,care,4,14113,0.2834266279316942,1-gram
2025-09-28,Ciattarelli,children,10,14113,0.7085665698292355,1-gram
2025-09-28,Ciattarelli,communities,12,14113,0.8502798837950826,1-gram
2025-09-28,Ciattarelli,community,13,14113,0.9211365407780061,1-gram
2025-09-28,Ciattarelli,cost,10,14113,0.7085665698292355,1-gram
2025-09-28,Ciattarelli,costs,1,14113,0.07085665698292355,1-gram
2025-09-28,Ciattarelli,country,9,14113,0.6377099128463118,1-gram
2025-09-28,Ciattarelli,county,9,14113,0.6377099128463118,1-gram
2025-09-28,Ciattarelli,day,16,14113,1.1337065117267768,1-gram
2025-09-28,Ciattarelli,education,6,14113,0.4251399418975413,1-gram
2025-09-28,Ciattarelli,energy,9,14113,0.6377099128463118,1-gram
2025-09-28,Ciattarelli,federal,9,14113,0.6377099128463118,1-gram
2025-09-28,Ciattarelli,feel,2,14113,0.1417133139658471,1-gram
2025-09-28,Ciattarelli,government,17,14113,1.2045631687097003,1-gram
2025-09-28,Ciattarelli,governor,44,14113,3.117692907248636,1-gram
2025-09-28,Ciattarelli,health,4,14113,0.2834266279316942,1-gram
2025-09-28,Ciattarelli,home,6,14113,0.4251399418975413,1-gram
2025-09-28,Ciattarelli,housing,32,14113,2.2674130234535537,1-gram
2025-09-28,Ciattarelli,jack,10,14113,0.7085665698292355,1-gram
2025-09-28,Ciattarelli,jersey,92,14113,6.518812442428967,1-gram
2025-09-28,Ciattarelli,job,18,14113,1.2754198256926237,1-gram
2025-09-28,Ciattarelli,kids,5,14113,0.35428328491461775,1-gram
2025-09-28,Ciattarelli,law,18,14113,1.2754198256926237,1-gram
2025-09-28,Ciattarelli,lot,26,14113,1.8422730815560122,1-gram
2025-09-28,Ciattarelli,money,12,14113,0.8502798837950826,1-gram
2025-09-28,Ciattarelli,opponent,23,14113,1.6297031106072417,1-gram
2025-09-28,Ciattarelli,opportunity,3,14113,0.21256997094877064,1-gram
2025-09-28,Ciattarelli,parents,9,14113,0.6377099128463118,1-gram
2025-09-28,Ciattarelli,people,59,14113,4.180542761992489,1-gram
2025-09-28,Ciattarelli,plan,11,14113,0.779423226812159,1-gram
2025-09-28,Ciattarelli,president,29,14113,2.0548430525047827,1-gram
2025-09-28,Ciattarelli,property,28,14113,1.9839863955218593,1-gram
2025-09-28,Ciattarelli,public,14,14113,0.9919931977609296,1-gram
2025-09-28,Ciattarelli,question,11,14113,0.779423226812159,1-gram
2025-09-28,Ciattarelli,run,2,14113,0.1417133139658471,1-gram
2025-09-28,Ciattarelli,running,4,14113,0.2834266279316942,1-gram
2025-09-28,Ciattarelli,school,34,14113,2.4091263374194005,1-gram
2025-09-28,Ciattarelli,schools,11,14113,0.779423226812159,1-gram
2025-09-28,Ciattarelli,talk,27,14113,1.9131297385389356,1-gram
2025-09-28,Ciattarelli,tax,52,14113,3.6845461631120244,1-gram
2025-09-28,Ciattarelli,taxes,48,14113,3.4011195351803303,1-gram
2025-09-28,Ciattarelli,time,29,14113,2.0548430525047827,1-gram
2025-09-28,Ciattarelli,trump,7,14113,0.4959965988804648,1-gram
2025-09-28,Ciattarelli,vote,4,14113,0.2834266279316942,1-gram
2025-09-28,Ciattarelli,yeah,12,14113,0.8502798837950826,1-gram
2025-09-28,Ciattarelli,york,8,14113,0.5668532558633884,1-gram
2025-09-28,Sherrill,administration,12,12838,0.9347250350521887,1-gram
2025-09-28,Sherrill,bill,5,12838,0.3894687646050787,1-gram
2025-09-28,Sherrill,campaign,7,12838,0.5452562704471101,1-gram
2025-09-28,Sherrill,care,6,12838,0.46736251752609437,1-gram
2025-09-28,Sherrill,children,4,12838,0.31157501168406293,1-gram
2025-09-28,Sherrill,communities,3,12838,0.23368125876304718,1-gram
2025-09-28,Sherrill,community,4,12838,0.31157501168406293,1-gram
2025-09-28,Sherrill,cost,7,12838,0.5452562704471101,1-gram
2025-09-28,Sherrill,costs,26,12838,2.025237575946409,1-gram
2025-09-28,Sherrill,country,12,12838,0.9347250350521887,1-gram
2025-09-28,Sherrill,county,3,12838,0.23368125876304718,1-gram
2025-09-28,Sherrill,day,9,12838,0.7010437762891416,1-gram
2025-09-28,Sherrill,education,12,12838,0.9347250350521887,1-gram
2025-09-28,Sherrill,energy,5,12838,0.3894687646050787,1-gram
2025-09-28,Sherrill,federal,11,12838,0.8568312821311731,1-gram
2025-09-28,Sherrill,feel,12,12838,0.9347250350521887,1-gram
2025-09-28,Sherrill,government,12,12838,0.9347250350521887,1-gram
2025-09-28,Sherrill,governor,18,12838,1.4020875525782832,1-gram
2025-09-28,Sherrill,health,9,12838,0.7010437762891416,1-gram
2025-09-28,Sherrill,home,9,12838,0.7010437762891416,1-gram
2025-09-28,Sherrill,housing,4,12838,0.31157501168406293,1-gram
2025-09-28,Sherrill,jack,15,12838,1.1684062938152362,1-gram
2025-09-28,Sherrill,jersey,54,12838,4.206262657734849,1-gram
2025-09-28,Sherrill,job,6,12838,0.46736251752609437,1-gram
2025-09-28,Sherrill,kids,32,12838,2.4926000934725034,1-gram
2025-09-28,Sherrill,law,12,12838,0.9347250350521887,1-gram
2025-09-28,Sherrill,lot,11,12838,0.8568312821311731,1-gram
2025-09-28,Sherrill,money,16,12838,1.2463000467362517,1-gram
2025-09-28,Sherrill,opponent,4,12838,0.31157501168406293,1-gram
2025-09-28,Sherrill,opportunity,12,12838,0.9347250350521887,1-gram
2025-09-28,Sherrill,parents,7,12838,0.5452562704471101,1-gram
2025-09-28,Sherrill,people,74,12838,5.764137716155164,1-gram
2025-09-28,Sherrill,plan,5,12838,0.3894687646050787,1-gram
2025-09-28,Sherrill,president,8,12838,0.6231500233681259,1-gram
2025-09-28,Sherrill,property,13,12838,1.0126187879732045,1-gram
2025-09-28,Sherrill,public,8,12838,0.6231500233681259,1-gram
2025-09-28,Sherrill,question,5,12838,0.3894687646050787,1-gram
2025-09-28,Sherrill,run,11,12838,0.8568312821311731,1-gram
2025-09-28,Sherrill,running,18,12838,1.4020875525782832,1-gram
2025-09-28,Sherrill,school,20,12838,1.5578750584203147,1-gram
2025-09-28,Sherrill,schools,6,12838,0.46736251752609437,1-gram
2025-09-28,Sherrill,talk,12,12838,0.9347250350521887,1-gram
2025-09-28,Sherrill,tax,17,12838,1.3241937996572675,1-gram
2025-09-28,Sherrill,taxes,11,12838,0.8568312821311731,1-gram
2025-09-28,Sherrill,time,33,12838,2.570493846393519,1-gram
2025-09-28,Sherrill,trump,26,12838,2.025237575946409,1-gram
2025-09-28,Sherrill,vote,9,12838,0.7010437762891416,1-gram
2025-09-28,Sherrill,yeah,17,12838,1.3241937996572675,1-gram
2025-09-28,Sherrill,york,9,12838,0.7010437762891416,1-gram
2025-10-05,Ciattarelli,administration,4,14328,0.27917364600781686,1-gram
2025-10-05,Ciattarelli,bill,21,14328,1.4656616415410384,1-gram
2025-10-05,Ciattarelli,business,23,14328,1.605248464544947,1-gram
2025-10-05,Ciattarelli,campaign,5,14328,0.3489670575097711,1-gram
2025-10-05,Ciattarelli,care,21,14328,1.4656616415410384,1-gram
2025-10-05,Ciattarelli,children,8,14328,0.5583472920156337,1-gram
2025-10-05,Ciattarelli,communities,10,14328,0.6979341150195422,1-gram
2025-10-05,Ciattarelli,community,10,14328,0.6979341150195422,1-gram
2025-10-05,Ciattarelli,cost,12,14328,0.8375209380234506,1-gram
2025-10-05,Ciattarelli,costs,4,14328,0.27917364600781686,1-gram
2025-10-05,Ciattarelli,country,12,14328,0.8375209380234506,1-gram
2025-10-05,Ciattarelli,county,20,14328,1.3958682300390843,1-gram
2025-10-05,Ciattarelli,day,35,14328,2.4427694025683975,1-gram
2025-10-05,Ciattarelli,education,9,14328,0.628140703517588,1-gram
2025-10-05,Ciattarelli,energy,17,14328,1.1864879955332215,1-gram
2025-10-05,Ciattarelli,federal,13,14328,0.9073143495254048,1-gram
2025-10-05,Ciattarelli,feel,5,14328,0.3489670575097711,1-gram
2025-10-05,Ciattarelli,government,7,14328,0.48855388051367954,1-gram
2025-10-05,Ciattarelli,governor,40,14328,2.7917364600781687,1-gram
2025-10-05,Ciattarelli,health,12,14328,0.8375209380234506,1-gram
2025-10-05,Ciattarelli,home,20,14328,1.3958682300390843,1-gram
2025-10-05,Ciattarelli,housing,14,14328,0.9771077610273591,1-gram
2025-10-05,Ciattarelli,jack,48,14328,3.3500837520938025,1-gram
2025-10-05,Ciattarelli,jersey,102,14328,7.11892797319933,1-gram
2025-10-05,Ciattarelli,job,19,14328,1.32607481853713,1-gram
2025-10-05,Ciattarelli,kids,8,14328,0.5583472920156337,1-gram
2025-10-05,Ciattarelli,law,16,14328,1.1166945840312674,1-gram
2025-10-05,Ciattarelli,lot,10,14328,0.6979341150195422,1-gram
2025-10-05,Ciattarelli,money,15,14328,1.0469011725293131,1-gram
2025-10-05,Ciattarelli,opponent,17,14328,1.1864879955332215,1-gram
2025-10-05,Ciattarelli,opportunity,2,14328,0.13958682300390843,1-gram
2025-10-05,Ciattarelli,parents,7,14328,0.48855388051367954,1-gram
2025-10-05,Ciattarelli,people,65,14328,4.536571747627024,1-gram
2025-10-05,Ciattarelli,plan,25,14328,1.7448352875488553,1-gram
2025-10-05,Ciattarelli,president,30,14328,2.0938023450586263,1-gram
2025-10-05,Ciattarelli,property,20,14328,1.3958682300390843,1-gram
2025-10-05,Ciattarelli,public,20,14328,1.3958682300390843,1-gram
2025-10-05,Ciattarelli,question,19,14328,1.32607481853713,1-gram
2025-10-05,Ciattarelli,run,6,14328,0.4187604690117253,1-gram
2025-10-05,Ciattarelli,running,7,14328,0.48855388051367954,1-gram
2025-10-05,Ciattarelli,school,19,14328,1.32607481853713,1-gram
2025-10-05,Ciattarelli,schools,5,14328,0.3489670575097711,1-gram
2025-10-05,Ciattarelli,talk,12,14328,0.8375209380234506,1-gram
2025-10-05,Ciattarelli,tax,53,14328,3.6990508096035737,1-gram
2025-10-05,Ciattarelli,taxes,22,14328,1.5354550530429927,1-gram
2025-10-05,Ciattarelli,time,24,14328,1.6750418760469012,1-gram
2025-10-05,Ciattarelli,trump,14,14328,0.9771077610273591,1-gram
2025-10-05,Ciattarelli,vote,13,14328,0.9073143495254048,1-gram
2025-10-05,Ciattarelli,yeah,17,14328,1.1864879955332215,1-gram
2025-10-05,Ciattarelli,york,15,14328,1.0469011725293131,1-gram
2025-10-05,Sherrill,administration,5,6562,0.7619628162145687,1-gram
2025-10-05,Sherrill,bill,1,6562,0.15239256324291373,1-gram
2025-10-05,Sherrill,campaign,4,6562,0.6095702529716549,1-gram
2025-10-05,Sherrill,care,17,6562,2.5906735751295336,1-gram
2025-10-05,Sherrill,children,6,6562,0.9143553794574826,1-gram
2025-10-05,Sherrill,communities,10,6562,1.5239256324291375,1-gram
2025-10-05,Sherrill,community,9,6562,1.3715330691862238,1-gram
2025-10-05,Sherrill,cost,4,6562,0.6095702529716549,1-gram
2025-10-05,Sherrill,costs,11,6562,1.6763181956720512,1-gram
2025-10-05,Sherrill,country,15,6562,2.285888448643706,1-gram
2025-10-05,Sherrill,day,7,6562,1.0667479427003963,1-gram
2025-10-05,Sherrill,education,2,6562,0.30478512648582745,1-gram
2025-10-05,Sherrill,energy,2,6562,0.30478512648582745,1-gram
2025-10-05,Sherrill,federal,15,6562,2.285888448643706,1-gram
2025-10-05,Sherrill,feel,9,6562,1.3715330691862238,1-gram
2025-10-05,Sherrill,government,7,6562,1.0667479427003963,1-gram
2025-10-05,Sherrill,governor,7,6562,1.0667479427003963,1-gram
2025-10-05,Sherrill,health,17,6562,2.5906735751295336,1-gram
2025-10-05,Sherrill,home,4,6562,0.6095702529716549,1-gram
2025-10-05,Sherrill,housing,1,6562,0.15239256324291373,1-gram
2025-10-05,Sherrill,jack,8,6562,1.2191405059433098,1-gram
2025-10-05,Sherrill,jersey,36,6562,5.486132276744895,1-gram
2025-10-05,Sherrill,kids,18,6562,2.7430661383724475,1-gram
2025-10-05,Sherrill,law,6,6562,0.9143553794574826,1-gram
2025-10-05,Sherrill,lot,8,6562,1.2191405059433098,1-gram
2025-10-05,Sherrill,money,13,6562,1.9811033221578787,1-gram
2025-10-05,Sherrill,opponent,1,6562,0.15239256324291373,1-gram
2025-10-05,Sherrill,opportunity,4,6562,0.6095702529716549,1-gram
2025-10-05,Sherrill,parents,5,6562,0.7619628162145687,1-gram
2025-10-05,Sherrill,people,46,6562,7.010057909174032,1-gram
2025-10-05,Sherrill,plan,6,6562,0.9143553794574826,1-gram
2025-10-05,Sherrill,president,4,6562,0.6095702529716549,1-gram
2025-10-05,Sherrill,property,6,6562,0.9143553794574826,1-gram
2025-10-05,Sherrill,public,3,6562,0.4571776897287413,1-gram
2025-10-05,Sherrill,question,4,6562,0.6095702529716549,1-gram
2025-10-05,Sherrill,school,3,6562,0.4571776897287413,1-gram
2025-10-05,Sherrill,schools,2,6562,0.30478512648582745,1-gram
2025-10-05,Sherrill,talk,1,6562,0.15239256324291373,1-gram
2025-10-05,Sherrill,tax,5,6562,0.7619628162145687,1-gram
2025-10-05,Sherrill,taxes,11,6562,1.6763181956720512,1-gram
2025-10-05,Sherrill,time,8,6562,1.2191405059433098,1-gram
2025-10-05,Sherrill,trump,10,6562,1.5239256324291375,1-gram
2025-10-05,Sherrill,yeah,5,6562,0.7619628162145687,1-gram
2025-10-05,Sherrill,york,2,6562,0.30478512648582745,1-gram
2025-10-12,Ciattarelli,bill,3,2294,1.3077593722755014,1-gram
2025-10-12,Ciattarelli,business,5,2294,2.1795989537925022,1-gram
2025-10-12,Ciattarelli,campaign,7,2294,3.051438535309503,1-gram
2025-10-12,Ciattarelli,care,1,2294,0.43591979075850046,1-gram
2025-10-12,Ciattarelli,children,3,2294,1.3077593722755014,1-gram
2025-10-12,Ciattarelli,communities,1,2294,0.43591979075850046,1-gram
2025-10-12,Ciattarelli,community,1,2294,0.43591979075850046,1-gram
2025-10-12,Ciattarelli,cost,2,2294,0.8718395815170009,1-gram
2025-10-12,Ciattarelli,country,5,2294,2.1795989537925022,1-gram
2025-10-12,Ciattarelli,county,1,2294,0.43591979075850046,1-gram
2025-10-12,Ciattarelli,day,2,2294,0.8718395815170009,1-gram
2025-10-12,Ciattarelli,education,1,2294,0.43591979075850046,1-gram
2025-10-12,Ciattarelli,federal,4,2294,1.7436791630340018,1-gram
2025-10-12,Ciattarelli,feel,1,2294,0.43591979075850046,1-gram
2025-10-12,Ciattarelli,government,2,2294,0.8718395815170009,1-gram
2025-10-12,Ciattarelli,governor,4,2294,1.7436791630340018,1-gram
2025-10-12,Ciattarelli,home,2,2294,0.8718395815170009,1-gram
2025-10-12,Ciattarelli,housing,7,2294,3.051438535309503,1-gram
2025-10-12,Ciattarelli,jack,7,2294,3.051438535309503,1-gram
2025-10-12,Ciattarelli,jersey,17,2294,7.410636442894507,1-gram
2025-10-12,Ciattarelli,kids,2,2294,0.8718395815170009,1-gram
2025-10-12,Ciattarelli,law,1,2294,0.43591979075850046,1-gram
2025-10-12,Ciattarelli,lot,5,2294,2.1795989537925022,1-gram
2025-10-12,Ciattarelli,money,2,2294,0.8718395815170009,1-gram
2025-10-12,Ciattarelli,opponent,4,2294,1.7436791630340018,1-gram
2025-10-12,Ciattarelli,parents,1,2294,0.43591979075850046,1-gram
2025-10-12,Ciattarelli,people,11,2294,4.795117698343505,1-gram
2025-10-12,Ciattarelli,plan,3,2294,1.3077593722755014,1-gram
2025-10-12,Ciattarelli,president,3,2294,1.3077593722755014,1-gram
2025-10-12,Ciattarelli,property,10,2294,4.3591979075850045,1-gram
2025-10-12,Ciattarelli,public,2,2294,0.8718395815170009,1-gram
2025-10-12,Ciattarelli,school,2,2294,0.8718395815170009,1-gram
2025-10-12,Ciattarelli,talk,3,2294,1.3077593722755014,1-gram
2025-10-12,Ciattarelli,tax,13,2294,5.6669572798605055,1-gram
2025-10-12,Ciattarelli,taxes,12,2294,5.231037489102006,1-gram
2025-10-12,Ciattarelli,time,5,2294,2.1795989537925022,1-gram
2025-10-12,Ciattarelli,trump,4,2294,1.7436791630340018,1-gram
2025-10-12,Ciattarelli,vote,1,2294,0.43591979075850046,1-gram
2025-10-12,Ciattarelli,york,6,2294,2.615518744551003,1-gram
2025-10-12,Sherrill,administration,17,11095,1.5322217214961695,1-gram
2025-10-12,Sherrill,bill,3,11095,0.270392068499324,1-gram
2025-10-12,Sherrill,business,15,11095,1.3519603424966202,1-gram
2025-10-12,Sherrill,campaign,3,11095,0.270392068499324,1-gram
2025-10-12,Sherrill,care,3,11095,0.270392068499324,1-gram
2025-10-12,Sherrill,children,6,11095,0.540784136998648,1-gram
2025-10-12,Sherrill,communities,4,11095,0.3605227579990987,1-gram
2025-10-12,Sherrill,community,16,11095,1.4420910319963949,1-gram
2025-10-12,Sherrill,cost,22,11095,1.9828751689950426,1-gram
2025-10-12,Sherrill,costs,24,11095,2.163136547994592,1-gram
2025-10-12,Sherrill,country,10,11095,0.9013068949977467,1-gram
2025-10-12,Sherrill,county,6,11095,0.540784136998648,1-gram
2025-10-12,Sherrill,day,18,11095,1.6223524109959442,1-gram
2025-10-12,Sherrill,education,20,11095,1.8026137899954935,1-gram
2025-10-12,Sherrill,energy,6,11095,0.540784136998648,1-gram
2025-10-12,Sherrill,federal,6,11095,0.540784136998648,1-gram
2025-10-12,Sherrill,feel,8,11095,0.7210455159981974,1-gram
2025-10-12,Sherrill,government,5,11095,0.45065344749887337,1-gram
2025-10-12,Sherrill,governor,20,11095,1.8026137899954935,1-gram
2025-10-12,Sherrill,health,13,11095,1.171698963497071,1-gram
2025-10-12,Sherrill,home,5,11095,0.45065344749887337,1-gram
2025-10-12,Sherrill,housing,9,11095,0.8111762054979721,1-gram
2025-10-12,Sherrill,jack,8,11095,0.7210455159981974,1-gram
2025-10-12,Sherrill,jersey,44,11095,3.965750337990085,1-gram
2025-10-12,Sherrill,job,5,11095,0.45065344749887337,1-gram
2025-10-12,Sherrill,kids,26,11095,2.343397926994142,1-gram
2025-10-12,Sherrill,law,3,11095,0.270392068499324,1-gram
2025-10-12,Sherrill,lot,25,11095,2.253267237494367,1-gram
2025-10-12,Sherrill,money,10,11095,0.9013068949977467,1-gram
2025-10-12,Sherrill,opponent,9,11095,0.8111762054979721,1-gram
2025-10-12,Sherrill,opportunity,14,11095,1.2618296529968456,1-gram
2025-10-12,Sherrill,parents,1,11095,0.09013068949977468,1-gram
2025-10-12,Sherrill,people,55,11095,4.957187922487607,1-gram
2025-10-12,Sherrill,plan,13,11095,1.171698963497071,1-gram
2025-10-12,Sherrill,president,22,11095,1.9828751689950426,1-gram
2025-10-12,Sherrill,property,11,11095,0.9914375844975213,1-gram
2025-10-12,Sherrill,public,10,11095,0.9013068949977467,1-gram
2025-10-12,Sherrill,question,8,11095,0.7210455159981974,1-gram
2025-10-12,Sherrill,run,9,11095,0.8111762054979721,1-gram
2025-10-12,Sherrill,running,9,11095,0.8111762054979721,1-gram
2025-10-12,Sherrill,school,24,11095,2.163136547994592,1-gram
2025-10-12,Sherrill,schools,26,11095,2.343397926994142,1-gram
2025-10-12,Sherrill,talk,5,11095,0.45065344749887337,1-gram
2025-10-12,Sherrill,tax,6,11095,0.540784136998648,1-gram
2025-10-12,Sherrill,taxes,9,11095,0.8111762054979721,1-gram
2025-10-12,Sherrill,time,21,11095,1.8927444794952681,1-gram
2025-10-12,Sherrill,trump,9,11095,0.8111762054979721,1-gram
2025-10-12,Sherrill,vote,9,11095,0.8111762054979721,1-gram
2025-10-12,Sherrill,yeah,11,11095,0.9914375844975213,1-gram
2025-10-12,Sherrill,york,2,11095,0.18026137899954936,1-gram
2025-10-19,Ciattarelli,administration,8,2461,3.250711093051605,1-gram
2025-10-19,Ciattarelli,business,1,2461,0.4063388866314506,1-gram
2025-10-19,Ciattarelli,campaign,1,2461,0.4063388866314506,1-gram
2025-10-19,Ciattarelli,communities,2,2461,0.8126777732629012,1-gram
2025-10-19,Ciattarelli,community,2,2461,0.8126777732629012,1-gram
2025-10-19,Ciattarelli,cost,3,2461,1.219016659894352,1-gram
2025-10-19,Ciattarelli,costs,1,2461,0.4063388866314506,1-gram
2025-10-19,Ciattarelli,country,1,2461,0.4063388866314506,1-gram
2025-10-19,Ciattarelli,county,6,2461,2.438033319788704,1-gram
2025-10-19,Ciattarelli,day,9,2461,3.6570499796830553,1-gram
2025-10-19,Ciattarelli,education,3,2461,1.219016659894352,1-gram
2025-10-19,Ciattarelli,energy,4,2461,1.6253555465258025,1-gram
2025-10-19,Ciattarelli,federal,3,2461,1.219016659894352,1-gram
2025-10-19,Ciattarelli,feel,1,2461,0.4063388866314506,1-gram
2025-10-19,Ciattarelli,government,2,2461,0.8126777732629012,1-gram
2025-10-19,Ciattarelli,governor,9,2461,3.6570499796830553,1-gram
2025-10-19,Ciattarelli,home,3,2461,1.219016659894352,1-gram
2025-10-19,Ciattarelli,housing,1,2461,0.4063388866314506,1-gram
2025-10-19,Ciattarelli,jack,2,2461,0.8126777732629012,1-gram
2025-10-19,Ciattarelli,jersey,24,2461,9.752133279154815,1-gram
2025-10-19,Ciattarelli,job,1,2461,0.4063388866314506,1-gram
2025-10-19,Ciattarelli,law,4,2461,1.6253555465258025,1-gram
2025-10-19,Ciattarelli,lot,2,2461,0.8126777732629012,1-gram
2025-10-19,Ciattarelli,opponent,4,2461,1.6253555465258025,1-gram
2025-10-19,Ciattarelli,opportunity,2,2461,0.8126777732629012,1-gram
2025-10-19,Ciattarelli,parents,7,2461,2.844372206420154,1-gram
2025-10-19,Ciattarelli,people,4,2461,1.6253555465258025,1-gram
2025-10-19,Ciattarelli,plan,1,2461,0.4063388866314506,1-gram
2025-10-19,Ciattarelli,president,8,2461,3.250711093051605,1-gram
2025-10-19,Ciattarelli,property,1,2461,0.4063388866314506,1-gram
2025-10-19,Ciattarelli,public,4,2461,1.6253555465258025,1-gram
2025-10-19,Ciattarelli,question,1,2461,0.4063388866314506,1-gram
2025-10-19,Ciattarelli,run,2,2461,0.8126777732629012,1-gram
2025-10-19,Ciattarelli,running,2,2461,0.8126777732629012,1-gram
2025-10-19,Ciattarelli,school,5,2461,2.031694433157253,1-gram
2025-10-19,Ciattarelli,schools,1,2461,0.4063388866314506,1-gram
2025-10-19,Ciattarelli,talk,1,2461,0.4063388866314506,1-gram
2025-10-19,Ciattarelli,tax,1,2461,0.4063388866314506,1-gram
2025-10-19,Ciattarelli,taxes,2,2461,0.8126777732629012,1-gram
2025-10-19,Ciattarelli,time,4,2461,1.6253555465258025,1-gram
2025-10-19,Ciattarelli,trump,4,2461,1.6253555465258025,1-gram
2025-10-19,Ciattarelli,york,1,2461,0.4063388866314506,1-gram
2025-10-19,Sherrill,bill,1,905,1.1049723756906078,1-gram
2025-10-19,Sherrill,care,2,905,2.2099447513812156,1-gram
2025-10-19,Sherrill,children,1,905,1.1049723756906078,1-gram
2025-10-19,Sherrill,communities,4,905,4.419889502762431,1-gram
2025-10-19,Sherrill,cost,1,905,1.1049723756906078,1-gram
2025-10-19,Sherrill,day,4,905,4.419889502762431,1-gram
2025-10-19,Sherrill,federal,1,905,1.1049723756906078,1-gram
2025-10-19,Sherrill,governor,2,905,2.2099447513812156,1-gram
2025-10-19,Sherrill,health,1,905,1.1049723756906078,1-gram
2025-10-19,Sherrill,jack,5,905,5.524861878453039,1-gram
2025-10-19,Sherrill,jersey,4,905,4.419889502762431,1-gram
2025-10-19,Sherrill,kids,2,905,2.2099447513812156,1-gram
2025-10-19,Sherrill,money,1,905,1.1049723756906078,1-gram
2025-10-19,Sherrill,people,1,905,1.1049723756906078,1-gram
2025-10-19,Sherrill,plan,1,905,1.1049723756906078,1-gram
2025-10-19,Sherrill,president,6,905,6.629834254143646,1-gram
2025-10-19,Sherrill,public,1,905,1.1049723756906078,1-gram
2025-10-19,Sherrill,question,2,905,2.2099447513812156,1-gram
2025-10-19,Sherrill,running,1,905,1.1049723756906078,1-gram
2025-10-19,Sherrill,talk,1,905,1.1049723756906078,1-gram
2025-10-19,Sherrill,time,1,905,1.1049723756906078,1-gram
2025-10-19,Sherrill,vote,7,905,7.734806629834255,1-gram
2025-10-19,Sherrill,yeah,1,905,1.1049723756906078,1-gram
2025-08-10,Sherrill,beautiful bill,3,688,4.3604651162790695,2-gram
2025-08-10,Sherrill,donald trump,2,688,2.9069767441860463,2-gram
2025-08-10,Sherrill,health care,1,688,1.4534883720930232,2-gram
2025-08-10,Sherrill,https www.youtube.com,1,688,1.4534883720930232,2-gram
2025-08-10,Sherrill,jack chidarelli,2,688,2.9069767441860463,2-gram
2025-08-10,Sherrill,www.youtube.com watch,1,688,1.4534883720930232,2-gram
2025-08-17,Sherrill,atlantic city,2,2610,0.7662835249042146,2-gram
2025-08-17,Sherrill,beautiful bill,1,2610,0.3831417624521073,2-gram
2025-08-17,Sherrill,donald trump,5,2610,1.9157088122605364,2-gram
2025-08-17,Sherrill,federal government,3,2610,1.1494252873563218,2-gram
2025-08-17,Sherrill,https www.youtube.com,1,2610,0.3831417624521073,2-gram
2025-08-17,Sherrill,jack chidarelli,1,2610,0.3831417624521073,2-gram
2025-08-17,Sherrill,natural gas,1,2610,0.3831417624521073,2-gram
2025-08-17,Sherrill,rate hikes,2,2610,0.7662835249042146,2-gram
2025-08-17,Sherrill,red tape,4,2610,1.5325670498084292,2-gram
2025-08-17,Sherrill,utility costs,3,2610,1.1494252873563218,2-gram
2025-08-17,Sherrill,www.youtube.com watch,1,2610,0.3831417624521073,2-gram
2025-08-24,Sherrill,atlantic city,3,6328,0.4740834386852086,2-gram
2025-08-24,Sherrill,democratic party,1,6328,0.15802781289506954,2-gram
2025-08-24,Sherrill,donald trump,1,6328,0.15802781289506954,2-gram
2025-08-24,Sherrill,https www.youtube.com,2,6328,0.31605562579013907,2-gram
2025-08-24,Sherrill,jersey transit,3,6328,0.4740834386852086,2-gram
2025-08-24,Sherrill,mikey cheryl,3,6328,0.4740834386852086,2-gram
2025-08-24,Sherrill,natural gas,1,6328,0.15802781289506954,2-gram
2025-08-24,Sherrill,naval academy,7,6328,1.1061946902654867,2-gram
2025-08-24,Sherrill,rate hikes,1,6328,0.15802781289506954,2-gram
2025-08-24,Sherrill,red tape,1,6328,0.15802781289506954,2-gram
2025-08-24,Sherrill,supreme court,1,6328,0.15802781289506954,2-gram
2025-08-24,Sherrill,utility costs,1,6328,0.15802781289506954,2-gram
2025-08-24,Sherrill,www.youtube.com watch,2,6328,0.31605562579013907,2-gram
2025-08-31,Ciattarelli,american dream,4,11633,0.3438493939654431,2-gram
2025-08-31,Ciattarelli,atlantic city,2,11633,0.17192469698272156,2-gram
2025-08-31,Ciattarelli,business owner,8,11633,0.6876987879308862,2-gram
2025-08-31,Ciattarelli,child care,3,11633,0.2578870454740823,2-gram
2025-08-31,Ciattarelli,democratic governor,5,11633,0.4298117424568039,2-gram
2025-08-31,Ciattarelli,democratic party,2,11633,0.17192469698272156,2-gram
2025-08-31,Ciattarelli,donald trump,14,11633,1.203472878879051,2-gram
2025-08-31,Ciattarelli,funding formula,3,11633,0.2578870454740823,2-gram
2025-08-31,Ciattarelli,grade level,5,11633,0.4298117424568039,2-gram
2025-08-31,Ciattarelli,https www.youtube.com,4,11633,0.3438493939654431,2-gram
2025-08-31,Ciattarelli,income tax,2,11633,0.17192469698272156,2-gram
2025-08-31,Ciattarelli,jersey shore,4,11633,0.3438493939654431,2-gram
2025-08-31,Ciattarelli,law enforcement,8,11633,0.6876987879308862,2-gram
2025-08-31,Ciattarelli,lieutenant governor,3,11633,0.2578870454740823,2-gram
2025-08-31,Ciattarelli,local law,4,11633,0.3438493939654431,2-gram
2025-08-31,Ciattarelli,natural gas,2,11633,0.17192469698272156,2-gram
2025-08-31,Ciattarelli,phil murphy,8,11633,0.6876987879308862,2-gram
2025-08-31,Ciattarelli,president trump,3,11633,0.2578870454740823,2-gram
2025-08-31,Ciattarelli,private school,12,11633,1.0315481818963292,2-gram
2025-08-31,Ciattarelli,property tax,4,11633,0.3438493939654431,2-gram
2025-08-31,Ciattarelli,property taxes,7,11633,0.6017364394395255,2-gram
2025-08-31,Ciattarelli,public education,7,11633,0.6017364394395255,2-gram
2025-08-31,Ciattarelli,public school,11,11633,0.9455858334049686,2-gram
2025-08-31,Ciattarelli,reading writing,4,11633,0.3438493939654431,2-gram
2025-08-31,Ciattarelli,sales tax,3,11633,0.2578870454740823,2-gram
2025-08-31,Ciattarelli,school districts,2,11633,0.17192469698272156,2-gram
2025-08-31,Ciattarelli,school funding,4,11633,0.3438493939654431,2-gram
2025-08-31,Ciattarelli,school system,7,11633,0.6017364394395255,2-gram
2025-08-31,Ciattarelli,social security,3,11633,0.2578870454740823,2-gram
2025-08-31,Ciattarelli,supreme court,3,11633,0.2578870454740823,2-gram
2025-08-31,Ciattarelli,tax credit,7,11633,0.6017364394395255,2-gram
2025-08-31,Ciattarelli,urban centers,8,11633,0.6876987879308862,2-gram
2025-08-31,Ciattarelli,weeks ago,3,11633,0.2578870454740823,2-gram
2025-08-31,Ciattarelli,wind farms,1,11633,0.08596234849136078,2-gram
2025-08-31,Ciattarelli,www.youtube.com watch,4,11633,0.3438493939654431,2-gram
2025-08-31,Sherrill,atlantic city,1,6707,0.1490979573579842,2-gram
2025-08-31,Sherrill,beautiful bill,1,6707,0.1490979573579842,2-gram
2025-08-31,Sherrill,democratic party,8,6707,1.1927836588638736,2-gram
2025-08-31,Sherrill,donald trump,14,6707,2.0873714030117787,2-gram
2025-08-31,Sherrill,federal government,4,6707,0.5963918294319368,2-gram
2025-08-31,Sherrill,gateway tunnel,1,6707,0.1490979573579842,2-gram
2025-08-31,Sherrill,https www.youtube.com,1,6707,0.1490979573579842,2-gram
2025-08-31,Sherrill,jack chidarelli,3,6707,0.4472938720739526,2-gram
2025-08-31,Sherrill,mikey cheryl,2,6707,0.2981959147159684,2-gram
2025-08-31,Sherrill,phil murphy,1,6707,0.1490979573579842,2-gram
2025-08-31,Sherrill,trump administration,2,6707,0.2981959147159684,2-gram
2025-08-31,Sherrill,www.youtube.com watch,1,6707,0.1490979573579842,2-gram
2025-09-07,Ciattarelli,affordable housing,2,3165,0.6319115323854659,2-gram
2025-09-07,Ciattarelli,business owner,1,3165,0.31595576619273297,2-gram
2025-09-07,Ciattarelli,democratic party,1,3165,0.31595576619273297,2-gram
2025-09-07,Ciattarelli,donald trump,2,3165,0.6319115323854659,2-gram
2025-09-07,Ciattarelli,highdensity housing,2,3165,0.6319115323854659,2-gram
2025-09-07,Ciattarelli,https www.youtube.com,1,3165,0.31595576619273297,2-gram
2025-09-07,Ciattarelli,jack chidarelli,3,3165,0.9478672985781991,2-gram
2025-09-07,Ciattarelli,law enforcement,1,3165,0.31595576619273297,2-gram
2025-09-07,Ciattarelli,mikey cheryl,3,3165,0.9478672985781991,2-gram
2025-09-07,Ciattarelli,natural gas,2,3165,0.6319115323854659,2-gram
2025-09-07,Ciattarelli,phil murphy,1,3165,0.31595576619273297,2-gram
2025-09-07,Ciattarelli,public school,1,3165,0.31595576619273297,2-gram
2025-09-07,Ciattarelli,sales tax,2,3165,0.6319115323854659,2-gram
2025-09-07,Ciattarelli,school districts,1,3165,0.31595576619273297,2-gram
2025-09-07,Ciattarelli,school system,1,3165,0.31595576619273297,2-gram
2025-09-07,Ciattarelli,www.youtube.com watch,1,3165,0.31595576619273297,2-gram
2025-09-07,Sherrill,beautiful bill,1,3664,0.2729257641921397,2-gram
2025-09-07,Sherrill,democratic party,2,3664,0.5458515283842794,2-gram
2025-09-07,Sherrill,donald trump,5,3664,1.3646288209606987,2-gram
2025-09-07,Sherrill,health care,3,3664,0.8187772925764192,2-gram
2025-09-07,Sherrill,https www.youtube.com,2,3664,0.5458515283842794,2-gram
2025-09-07,Sherrill,jack chidarelli,2,3664,0.5458515283842794,2-gram
2025-09-07,Sherrill,rate hikes,1,3664,0.2729257641921397,2-gram
2025-09-07,Sherrill,red tape,2,3664,0.5458515283842794,2-gram
2025-09-07,Sherrill,trump administration,1,3664,0.2729257641921397,2-gram
2025-09-07,Sherrill,utility costs,5,3664,1.3646288209606987,2-gram
2025-09-07,Sherrill,weeks ago,1,3664,0.2729257641921397,2-gram
2025-09-07,Sherrill,www.youtube.com watch,2,3664,0.5458515283842794,2-gram
2025-09-14,Ciattarelli,affordable housing,4,9798,0.4082465809348847,2-gram
2025-09-14,Ciattarelli,american dream,2,9798,0.20412329046744235,2-gram
2025-09-14,Ciattarelli,atlantic city,1,9798,0.10206164523372117,2-gram
2025-09-14,Ciattarelli,beautiful bill,2,9798,0.20412329046744235,2-gram
2025-09-14,Ciattarelli,business owner,4,9798,0.4082465809348847,2-gram
2025-09-14,Ciattarelli,child care,3,9798,0.3061849357011635,2-gram
2025-09-14,Ciattarelli,donald trump,1,9798,0.10206164523372117,2-gram
2025-09-14,Ciattarelli,grade level,5,9798,0.5103082261686058,2-gram
2025-09-14,Ciattarelli,health care,3,9798,0.3061849357011635,2-gram
2025-09-14,Ciattarelli,https www.youtube.com,1,9798,0.10206164523372117,2-gram
2025-09-14,Ciattarelli,jersey shore,3,9798,0.3061849357011635,2-gram
2025-09-14,Ciattarelli,lieutenant governor,1,9798,0.10206164523372117,2-gram
2025-09-14,Ciattarelli,mental health,8,9798,0.8164931618697694,2-gram
2025-09-14,Ciattarelli,phil murphy,1,9798,0.10206164523372117,2-gram
2025-09-14,Ciattarelli,president trump,2,9798,0.20412329046744235,2-gram
2025-09-14,Ciattarelli,private school,3,9798,0.3061849357011635,2-gram
2025-09-14,Ciattarelli,property tax,6,9798,0.612369871402327,2-gram
2025-09-14,Ciattarelli,property taxes,11,9798,1.122678097570933,2-gram
2025-09-14,Ciattarelli,public education,3,9798,0.3061849357011635,2-gram
2025-09-14,Ciattarelli,public school,2,9798,0.20412329046744235,2-gram
2025-09-14,Ciattarelli,reading writing,4,9798,0.4082465809348847,2-gram
2025-09-14,Ciattarelli,school districts,4,9798,0.4082465809348847,2-gram
2025-09-14,Ciattarelli,school system,6,9798,0.612369871402327,2-gram
2025-09-14,Ciattarelli,social security,2,9798,0.20412329046744235,2-gram
2025-09-14,Ciattarelli,tax credit,2,9798,0.20412329046744235,2-gram
2025-09-14,Ciattarelli,urban centers,2,9798,0.20412329046744235,2-gram
2025-09-14,Ciattarelli,wind farms,4,9798,0.4082465809348847,2-gram
2025-09-14,Ciattarelli,www.youtube.com watch,1,9798,0.10206164523372117,2-gram
2025-09-21,Ciattarelli,american dream,2,6501,0.3076449776957391,2-gram
2025-09-21,Ciattarelli,beautiful bill,1,6501,0.15382248884786956,2-gram
2025-09-21,Ciattarelli,business owner,1,6501,0.15382248884786956,2-gram
2025-09-21,Ciattarelli,child care,1,6501,0.15382248884786956,2-gram
2025-09-21,Ciattarelli,democratic governor,1,6501,0.15382248884786956,2-gram
2025-09-21,Ciattarelli,donald trump,1,6501,0.15382248884786956,2-gram
2025-09-21,Ciattarelli,funding formula,1,6501,0.15382248884786956,2-gram
2025-09-21,Ciattarelli,grade level,2,6501,0.3076449776957391,2-gram
2025-09-21,Ciattarelli,https www.youtube.com,1,6501,0.15382248884786956,2-gram
2025-09-21,Ciattarelli,income tax,3,6501,0.46146746654360865,2-gram
2025-09-21,Ciattarelli,jersey shore,2,6501,0.3076449776957391,2-gram
2025-09-21,Ciattarelli,law enforcement,1,6501,0.15382248884786956,2-gram
2025-09-21,Ciattarelli,local law,1,6501,0.15382248884786956,2-gram
2025-09-21,Ciattarelli,mikey cheryl,2,6501,0.3076449776957391,2-gram
2025-09-21,Ciattarelli,natural gas,1,6501,0.15382248884786956,2-gram
2025-09-21,Ciattarelli,phil murphy,3,6501,0.46146746654360865,2-gram
2025-09-21,Ciattarelli,private school,2,6501,0.3076449776957391,2-gram
2025-09-21,Ciattarelli,property taxes,8,6501,1.2305799107829565,2-gram
2025-09-21,Ciattarelli,public education,2,6501,0.3076449776957391,2-gram
2025-09-21,Ciattarelli,public school,2,6501,0.3076449776957391,2-gram
2025-09-21,Ciattarelli,reading writing,3,6501,0.46146746654360865,2-gram
2025-09-21,Ciattarelli,sales tax,8,6501,1.2305799107829565,2-gram
2025-09-21,Ciattarelli,school funding,2,6501,0.3076449776957391,2-gram
2025-09-21,Ciattarelli,school system,1,6501,0.15382248884786956,2-gram
2025-09-21,Ciattarelli,social security,1,6501,0.15382248884786956,2-gram
2025-09-21,Ciattarelli,suburban communities,3,6501,0.46146746654360865,2-gram
2025-09-21,Ciattarelli,supreme court,3,6501,0.46146746654360865,2-gram
2025-09-21,Ciattarelli,tax credit,2,6501,0.3076449776957391,2-gram
2025-09-21,Ciattarelli,weeks ago,3,6501,0.46146746654360865,2-gram
2025-09-21,Ciattarelli,wind farms,1,6501,0.15382248884786956,2-gram
2025-09-21,Ciattarelli,www.youtube.com watch,1,6501,0.15382248884786956,2-gram
2025-09-21,Sherrill,atlantic city,1,4838,0.20669698222405952,2-gram
2025-09-21,Sherrill,beautiful bill,1,4838,0.20669698222405952,2-gram
2025-09-21,Sherrill,donald trump,2,4838,0.41339396444811904,2-gram
2025-09-21,Sherrill,federal government,1,4838,0.20669698222405952,2-gram
2025-09-21,Sherrill,health care,1,4838,0.20669698222405952,2-gram
2025-09-21,Sherrill,https www.youtube.com,2,4838,0.41339396444811904,2-gram
2025-09-21,Sherrill,jack chidarelli,3,4838,0.6200909466721786,2-gram
2025-09-21,Sherrill,lieutenant governor,1,4838,0.20669698222405952,2-gram
2025-09-21,Sherrill,mikey cheryl,1,4838,0.20669698222405952,2-gram
2025-09-21,Sherrill,naval academy,3,4838,0.6200909466721786,2-gram
2025-09-21,Sherrill,social security,3,4838,0.6200909466721786,2-gram
2025-09-21,Sherrill,supreme court,1,4838,0.20669698222405952,2-gram
2025-09-21,Sherrill,trump administration,1,4838,0.20669698222405952,2-gram
2025-09-21,Sherrill,urban centers,1,4838,0.20669698222405952,2-gram
2025-09-21,Sherrill,utility costs,1,4838,0.20669698222405952,2-gram
2025-09-21,Sherrill,www.youtube.com watch,2,4838,0.41339396444811904,2-gram
2025-09-28,Ciattarelli,affordable housing,13,14113,0.9211365407780061,2-gram
2025-09-28,Ciattarelli,atlantic city,5,14113,0.35428328491461775,2-gram
2025-09-28,Ciattarelli,beautiful bill,2,14113,0.1417133139658471,2-gram
2025-09-28,Ciattarelli,business owner,1,14113,0.07085665698292355,2-gram
2025-09-28,Ciattarelli,child care,4,14113,0.2834266279316942,2-gram
2025-09-28,Ciattarelli,democratic governor,4,14113,0.2834266279316942,2-gram
2025-09-28,Ciattarelli,democratic party,3,14113,0.21256997094877064,2-gram
2025-09-28,Ciattarelli,donald trump,2,14113,0.1417133139658471,2-gram
2025-09-28,Ciattarelli,federal government,2,14113,0.1417133139658471,2-gram
2025-09-28,Ciattarelli,funding formula,4,14113,0.2834266279316942,2-gram
2025-09-28,Ciattarelli,gateway tunnel,2,14113,0.1417133139658471,2-gram
2025-09-28,Ciattarelli,grade level,2,14113,0.1417133139658471,2-gram
2025-09-28,Ciattarelli,highdensity housing,13,14113,0.9211365407780061,2-gram
2025-09-28,Ciattarelli,income tax,2,14113,0.1417133139658471,2-gram
2025-09-28,Ciattarelli,jack chidarelli,2,14113,0.1417133139658471,2-gram
2025-09-28,Ciattarelli,jersey shore,3,14113,0.21256997094877064,2-gram
2025-09-28,Ciattarelli,jersey transit,9,14113,0.6377099128463118,2-gram
2025-09-28,Ciattarelli,law enforcement,8,14113,0.5668532558633884,2-gram
2025-09-28,Ciattarelli,lieutenant governor,5,14113,0.35428328491461775,2-gram
2025-09-28,Ciattarelli,local law,3,14113,0.21256997094877064,2-gram
2025-09-28,Ciattarelli,mass transit,8,14113,0.5668532558633884,2-gram
2025-09-28,Ciattarelli,mikey cheryl,2,14113,0.1417133139658471,2-gram
2025-09-28,Ciattarelli,natural gas,4,14113,0.2834266279316942,2-gram
2025-09-28,Ciattarelli,naval academy,7,14113,0.4959965988804648,2-gram
2025-09-28,Ciattarelli,phil murphy,4,14113,0.2834266279316942,2-gram
2025-09-28,Ciattarelli,president trump,4,14113,0.2834266279316942,2-gram
2025-09-28,Ciattarelli,private school,5,14113,0.35428328491461775,2-gram
2025-09-28,Ciattarelli,property tax,10,14113,0.7085665698292355,2-gram
2025-09-28,Ciattarelli,property taxes,16,14113,1.1337065117267768,2-gram
2025-09-28,Ciattarelli,public education,2,14113,0.1417133139658471,2-gram
2025-09-28,Ciattarelli,public school,2,14113,0.1417133139658471,2-gram
2025-09-28,Ciattarelli,reading writing,2,14113,0.1417133139658471,2-gram
2025-09-28,Ciattarelli,sales tax,3,14113,0.21256997094877064,2-gram
2025-09-28,Ciattarelli,school districts,4,14113,0.2834266279316942,2-gram
2025-09-28,Ciattarelli,school funding,7,14113,0.4959965988804648,2-gram
2025-09-28,Ciattarelli,school system,1,14113,0.07085665698292355,2-gram
2025-09-28,Ciattarelli,social security,1,14113,0.07085665698292355,2-gram
2025-09-28,Ciattarelli,suburban communities,5,14113,0.35428328491461775,2-gram
2025-09-28,Ciattarelli,supreme court,7,14113,0.4959965988804648,2-gram
2025-09-28,Ciattarelli,tax credit,4,14113,0.2834266279316942,2-gram
2025-09-28,Ciattarelli,urban centers,1,14113,0.07085665698292355,2-gram
2025-09-28,Ciattarelli,weeks ago,3,14113,0.21256997094877064,2-gram
2025-09-28,Ciattarelli,wind farms,1,14113,0.07085665698292355,2-gram
2025-09-28,Sherrill,atlantic city,4,12838,0.31157501168406293,2-gram
2025-09-28,Sherrill,beautiful bill,1,12838,0.07789375292101573,2-gram
2025-09-28,Sherrill,democratic party,1,12838,0.07789375292101573,2-gram
2025-09-28,Sherrill,donald trump,3,12838,0.23368125876304718,2-gram
2025-09-28,Sherrill,federal government,5,12838,0.3894687646050787,2-gram
2025-09-28,Sherrill,gateway tunnel,6,12838,0.46736251752609437,2-gram
2025-09-28,Sherrill,grade level,2,12838,0.15578750584203147,2-gram
2025-09-28,Sherrill,jack chidarelli,3,12838,0.23368125876304718,2-gram
2025-09-28,Sherrill,jersey shore,1,12838,0.07789375292101573,2-gram
2025-09-28,Sherrill,jersey transit,3,12838,0.23368125876304718,2-gram
2025-09-28,Sherrill,law enforcement,5,12838,0.3894687646050787,2-gram
2025-09-28,Sherrill,lieutenant governor,1,12838,0.07789375292101573,2-gram
2025-09-28,Sherrill,local law,4,12838,0.31157501168406293,2-gram
2025-09-28,Sherrill,mental health,3,12838,0.23368125876304718,2-gram
2025-09-28,Sherrill,mikey cheryl,2,12838,0.15578750584203147,2-gram
2025-09-28,Sherrill,naval academy,4,12838,0.31157501168406293,2-gram
2025-09-28,Sherrill,phil murphy,1,12838,0.07789375292101573,2-gram
2025-09-28,Sherrill,president trump,3,12838,0.23368125876304718,2-gram
2025-09-28,Sherrill,property tax,2,12838,0.15578750584203147,2-gram
2025-09-28,Sherrill,property taxes,8,12838,0.6231500233681259,2-gram
2025-09-28,Sherrill,public education,1,12838,0.07789375292101573,2-gram
2025-09-28,Sherrill,rate hikes,1,12838,0.07789375292101573,2-gram
2025-09-28,Sherrill,red tape,2,12838,0.15578750584203147,2-gram
2025-09-28,Sherrill,sales tax,4,12838,0.31157501168406293,2-gram
2025-09-28,Sherrill,school districts,1,12838,0.07789375292101573,2-gram
2025-09-28,Sherrill,social security,8,12838,0.6231500233681259,2-gram
2025-09-28,Sherrill,supreme court,1,12838,0.07789375292101573,2-gram
2025-09-28,Sherrill,trump administration,5,12838,0.3894687646050787,2-gram
2025-09-28,Sherrill,weeks ago,1,12838,0.07789375292101573,2-gram
2025-10-05,Ciattarelli,affordable housing,8,14328,0.5583472920156337,2-gram
2025-10-05,Ciattarelli,american dream,4,14328,0.27917364600781686,2-gram
2025-10-05,Ciattarelli,atlantic city,5,14328,0.3489670575097711,2-gram
2025-10-05,Ciattarelli,beautiful bill,3,14328,0.20938023450586266,2-gram
2025-10-05,Ciattarelli,business owner,1,14328,0.06979341150195421,2-gram
2025-10-05,Ciattarelli,child care,13,14328,0.9073143495254048,2-gram
2025-10-05,Ciattarelli,democratic governor,1,14328,0.06979341150195421,2-gram
2025-10-05,Ciattarelli,donald trump,2,14328,0.13958682300390843,2-gram
2025-10-05,Ciattarelli,federal government,3,14328,0.20938023450586266,2-gram
2025-10-05,Ciattarelli,funding formula,6,14328,0.4187604690117253,2-gram
2025-10-05,Ciattarelli,grade level,1,14328,0.06979341150195421,2-gram
2025-10-05,Ciattarelli,highdensity housing,1,14328,0.06979341150195421,2-gram
2025-10-05,Ciattarelli,income tax,7,14328,0.48855388051367954,2-gram
2025-10-05,Ciattarelli,jack chidarelli,6,14328,0.4187604690117253,2-gram
2025-10-05,Ciattarelli,jersey shore,8,14328,0.5583472920156337,2-gram
2025-10-05,Ciattarelli,jersey transit,7,14328,0.48855388051367954,2-gram
2025-10-05,Ciattarelli,law enforcement,8,14328,0.5583472920156337,2-gram
2025-10-05,Ciattarelli,local law,1,14328,0.06979341150195421,2-gram
2025-10-05,Ciattarelli,mass transit,5,14328,0.3489670575097711,2-gram
2025-10-05,Ciattarelli,mikey cheryl,7,14328,0.48855388051367954,2-gram
2025-10-05,Ciattarelli,phil murphy,3,14328,0.20938023450586266,2-gram
2025-10-05,Ciattarelli,president trump,6,14328,0.4187604690117253,2-gram
2025-10-05,Ciattarelli,private school,2,14328,0.13958682300390843,2-gram
2025-10-05,Ciattarelli,property tax,10,14328,0.6979341150195422,2-gram
2025-10-05,Ciattarelli,property taxes,10,14328,0.6979341150195422,2-gram
2025-10-05,Ciattarelli,public education,1,14328,0.06979341150195421,2-gram
2025-10-05,Ciattarelli,public school,1,14328,0.06979341150195421,2-gram
2025-10-05,Ciattarelli,reading writing,2,14328,0.13958682300390843,2-gram
2025-10-05,Ciattarelli,sales tax,4,14328,0.27917364600781686,2-gram
2025-10-05,Ciattarelli,school districts,2,14328,0.13958682300390843,2-gram
2025-10-05,Ciattarelli,school funding,5,14328,0.3489670575097711,2-gram
2025-10-05,Ciattarelli,social security,4,14328,0.27917364600781686,2-gram
2025-10-05,Ciattarelli,suburban communities,5,14328,0.3489670575097711,2-gram
2025-10-05,Ciattarelli,supreme court,4,14328,0.27917364600781686,2-gram
2025-10-05,Ciattarelli,tax credit,8,14328,0.5583472920156337,2-gram
2025-10-05,Ciattarelli,trump administration,1,14328,0.06979341150195421,2-gram
2025-10-05,Ciattarelli,urban centers,2,14328,0.13958682300390843,2-gram
2025-10-05,Ciattarelli,weeks ago,3,14328,0.20938023450586266,2-gram
2025-10-05,Ciattarelli,wind farms,4,14328,0.27917364600781686,2-gram
2025-10-05,Sherrill,federal government,3,6562,0.4571776897287413,2-gram
2025-10-05,Sherrill,gateway tunnel,1,6562,0.15239256324291373,2-gram
2025-10-05,Sherrill,health care,7,6562,1.0667479427003963,2-gram
2025-10-05,Sherrill,jersey transit,1,6562,0.15239256324291373,2-gram
2025-10-05,Sherrill,law enforcement,2,6562,0.30478512648582745,2-gram
2025-10-05,Sherrill,mental health,7,6562,1.0667479427003963,2-gram
2025-10-05,Sherrill,naval academy,2,6562,0.30478512648582745,2-gram
2025-10-05,Sherrill,property tax,1,6562,0.15239256324291373,2-gram
2025-10-05,Sherrill,property taxes,5,6562,0.7619628162145687,2-gram
2025-10-05,Sherrill,rate hikes,2,6562,0.30478512648582745,2-gram
2025-10-05,Sherrill,red tape,2,6562,0.30478512648582745,2-gram
2025-10-05,Sherrill,social security,2,6562,0.30478512648582745,2-gram
2025-10-05,Sherrill,trump administration,3,6562,0.4571776897287413,2-gram
2025-10-05,Sherrill,utility costs,1,6562,0.15239256324291373,2-gram
2025-10-12,Ciattarelli,affordable housing,2,2294,0.8718395815170009,2-gram
2025-10-12,Ciattarelli,beautiful bill,2,2294,0.8718395815170009,2-gram
2025-10-12,Ciattarelli,child care,1,2294,0.43591979075850046,2-gram
2025-10-12,Ciattarelli,democratic governor,1,2294,0.43591979075850046,2-gram
2025-10-12,Ciattarelli,donald trump,1,2294,0.43591979075850046,2-gram
2025-10-12,Ciattarelli,funding formula,1,2294,0.43591979075850046,2-gram
2025-10-12,Ciattarelli,grade level,3,2294,1.3077593722755014,2-gram
2025-10-12,Ciattarelli,highdensity housing,1,2294,0.43591979075850046,2-gram
2025-10-12,Ciattarelli,income tax,1,2294,0.43591979075850046,2-gram
2025-10-12,Ciattarelli,jersey shore,1,2294,0.43591979075850046,2-gram
2025-10-12,Ciattarelli,jersey transit,1,2294,0.43591979075850046,2-gram
2025-10-12,Ciattarelli,mass transit,1,2294,0.43591979075850046,2-gram
2025-10-12,Ciattarelli,naval academy,1,2294,0.43591979075850046,2-gram
2025-10-12,Ciattarelli,president trump,2,2294,0.8718395815170009,2-gram
2025-10-12,Ciattarelli,private school,1,2294,0.43591979075850046,2-gram
2025-10-12,Ciattarelli,property tax,2,2294,0.8718395815170009,2-gram
2025-10-12,Ciattarelli,property taxes,8,2294,3.4873583260680037,2-gram
2025-10-12,Ciattarelli,public education,1,2294,0.43591979075850046,2-gram
2025-10-12,Ciattarelli,reading writing,1,2294,0.43591979075850046,2-gram
2025-10-12,Ciattarelli,sales tax,1,2294,0.43591979075850046,2-gram
2025-10-12,Ciattarelli,school funding,1,2294,0.43591979075850046,2-gram
2025-10-12,Ciattarelli,social security,1,2294,0.43591979075850046,2-gram
2025-10-12,Ciattarelli,suburban communities,1,2294,0.43591979075850046,2-gram
2025-10-12,Ciattarelli,tax credit,2,2294,0.8718395815170009,2-gram
2025-10-12,Ciattarelli,urban centers,1,2294,0.43591979075850046,2-gram
2025-10-12,Ciattarelli,weeks ago,1,2294,0.43591979075850046,2-gram
2025-10-12,Ciattarelli,wind farms,2,2294,0.8718395815170009,2-gram
2025-10-12,Sherrill,american dream,2,11095,0.18026137899954936,2-gram
2025-10-12,Sherrill,atlantic city,1,11095,0.09013068949977468,2-gram
2025-10-12,Sherrill,beautiful bill,2,11095,0.18026137899954936,2-gram
2025-10-12,Sherrill,democratic governor,2,11095,0.18026137899954936,2-gram
2025-10-12,Sherrill,federal government,1,11095,0.09013068949977468,2-gram
2025-10-12,Sherrill,funding formula,1,11095,0.09013068949977468,2-gram
2025-10-12,Sherrill,gateway tunnel,4,11095,0.3605227579990987,2-gram
2025-10-12,Sherrill,grade level,4,11095,0.3605227579990987,2-gram
2025-10-12,Sherrill,health care,2,11095,0.18026137899954936,2-gram
2025-10-12,Sherrill,jack chidarelli,4,11095,0.3605227579990987,2-gram
2025-10-12,Sherrill,law enforcement,2,11095,0.18026137899954936,2-gram
2025-10-12,Sherrill,mental health,5,11095,0.45065344749887337,2-gram
2025-10-12,Sherrill,mikey cheryl,9,11095,0.8111762054979721,2-gram
2025-10-12,Sherrill,naval academy,3,11095,0.270392068499324,2-gram
2025-10-12,Sherrill,president trump,3,11095,0.270392068499324,2-gram
2025-10-12,Sherrill,property tax,5,11095,0.45065344749887337,2-gram
2025-10-12,Sherrill,property taxes,6,11095,0.540784136998648,2-gram
2025-10-12,Sherrill,public school,1,11095,0.09013068949977468,2-gram
2025-10-12,Sherrill,rate hikes,7,11095,0.6309148264984228,2-gram
2025-10-12,Sherrill,red tape,3,11095,0.270392068499324,2-gram
2025-10-12,Sherrill,school districts,2,11095,0.18026137899954936,2-gram
2025-10-12,Sherrill,school funding,2,11095,0.18026137899954936,2-gram
2025-10-12,Sherrill,trump administration,2,11095,0.18026137899954936,2-gram
2025-10-12,Sherrill,utility costs,6,11095,0.540784136998648,2-gram
2025-10-19,Ciattarelli,american dream,1,2461,0.4063388866314506,2-gram
2025-10-19,Ciattarelli,business owner,1,2461,0.4063388866314506,2-gram
2025-10-19,Ciattarelli,democratic governor,1,2461,0.4063388866314506,2-gram
2025-10-19,Ciattarelli,democratic party,1,2461,0.4063388866314506,2-gram
2025-10-19,Ciattarelli,funding formula,1,2461,0.4063388866314506,2-gram
2025-10-19,Ciattarelli,gateway tunnel,2,2461,0.8126777732629012,2-gram
2025-10-19,Ciattarelli,jack chidarelli,1,2461,0.4063388866314506,2-gram
2025-10-19,Ciattarelli,jersey shore,2,2461,0.8126777732629012,2-gram
2025-10-19,Ciattarelli,law enforcement,2,2461,0.8126777732629012,2-gram
2025-10-19,Ciattarelli,lieutenant governor,3,2461,1.219016659894352,2-gram
2025-10-19,Ciattarelli,local law,1,2461,0.4063388866314506,2-gram
2025-10-19,Ciattarelli,natural gas,3,2461,1.219016659894352,2-gram
2025-10-19,Ciattarelli,phil murphy,3,2461,1.219016659894352,2-gram
2025-10-19,Ciattarelli,president trump,3,2461,1.219016659894352,2-gram
2025-10-19,Ciattarelli,property taxes,1,2461,0.4063388866314506,2-gram
2025-10-19,Ciattarelli,public education,2,2461,0.8126777732629012,2-gram
2025-10-19,Ciattarelli,public school,1,2461,0.4063388866314506,2-gram
2025-10-19,Ciattarelli,school funding,2,2461,0.8126777732629012,2-gram
2025-10-19,Ciattarelli,supreme court,1,2461,0.4063388866314506,2-gram
2025-10-19,Ciattarelli,trump administration,1,2461,0.4063388866314506,2-gram
2025-10-19,Ciattarelli,wind farms,1,2461,0.4063388866314506,2-gram
2025-10-19,Sherrill,beautiful bill,1,905,1.1049723756906078,2-gram
2025-10-19,Sherrill,gateway tunnel,1,905,1.1049723756906078,2-gram
2025-10-19,Sherrill,health care,1,905,1.1049723756906078,2-gram
2025-10-19,Sherrill,jack chidarelli,3,905,3.314917127071823,2-gram
2025-10-19,Sherrill,mikey cheryl,1,905,1.1049723756906078,2-gram
2025-08-10,Sherrill,https www.youtube.com watch,1,688,1.4534883720930232,3-gram
2025-08-17,Sherrill,https www.youtube.com watch,1,2610,0.3831417624521073,3-gram
2025-08-24,Sherrill,freezing rate hikes,1,6328,0.15802781289506954,3-gram
2025-08-24,Sherrill,https www.youtube.com watch,2,6328,0.31605562579013907,3-gram
2025-08-24,Sherrill,representative mikey cheryl,1,6328,0.15802781289506954,3-gram
2025-08-24,Sherrill,transit oriented development,1,6328,0.15802781289506954,3-gram
2025-08-31,Ciattarelli,armed services committee,2,11633,0.17192469698272156,3-gram
2025-08-31,Ciattarelli,arrest release repeat,1,11633,0.08596234849136078,3-gram
2025-08-31,Ciattarelli,cap property taxes,1,11633,0.08596234849136078,3-gram
2025-08-31,Ciattarelli,care tax credit,3,11633,0.2578870454740823,3-gram
2025-08-31,Ciattarelli,child care tax,3,11633,0.2578870454740823,3-gram
2025-08-31,Ciattarelli,coal burning plants,3,11633,0.2578870454740823,3-gram
2025-08-31,Ciattarelli,commercial lending act,2,11633,0.17192469698272156,3-gram
2025-08-31,Ciattarelli,congestion pricing plan,1,11633,0.08596234849136078,3-gram
2025-08-31,Ciattarelli,critical life skills,4,11633,0.3438493939654431,3-gram
2025-08-31,Ciattarelli,egregious money grab,1,11633,0.08596234849136078,3-gram
2025-08-31,Ciattarelli,electricity generation plants,1,11633,0.08596234849136078,3-gram
2025-08-31,Ciattarelli,federal tax return,2,11633,0.17192469698272156,3-gram
2025-08-31,Ciattarelli,freeze property taxes,1,11633,0.08596234849136078,3-gram
2025-08-31,Ciattarelli,house armed services,2,11633,0.17192469698272156,3-gram
2025-08-31,Ciattarelli,https www.youtube.com watch,4,11633,0.3438493939654431,3-gram
2025-08-31,Ciattarelli,laurel housing doctrine,2,11633,0.17192469698272156,3-gram
2025-08-31,Ciattarelli,local law enforcement,4,11633,0.3438493939654431,3-gram
2025-08-31,Ciattarelli,magnificent tax credit,3,11633,0.2578870454740823,3-gram
2025-08-31,Ciattarelli,major urban centers,4,11633,0.3438493939654431,3-gram
2025-08-31,Ciattarelli,monthly electric bill,3,11633,0.2578870454740823,3-gram
2025-08-31,Ciattarelli,mount laurel housing,2,11633,0.17192469698272156,3-gram
2025-08-31,Ciattarelli,property tax bill,1,11633,0.08596234849136078,3-gram
2025-08-31,Ciattarelli,public education system,2,11633,0.17192469698272156,3-gram
2025-08-31,Ciattarelli,public school curriculum,3,11633,0.2578870454740823,3-gram
2025-08-31,Ciattarelli,public school system,4,11633,0.3438493939654431,3-gram
2025-08-31,Ciattarelli,reading writing math,1,11633,0.08596234849136078,3-gram
2025-08-31,Ciattarelli,restaurant bar owners,4,11633,0.3438493939654431,3-gram
2025-08-31,Ciattarelli,school funding formula,3,11633,0.2578870454740823,3-gram
2025-08-31,Ciattarelli,successful independent contractor,4,11633,0.3438493939654431,3-gram
2025-08-31,Ciattarelli,successful restaurant bar,4,11633,0.3438493939654431,3-gram
2025-08-31,Ciattarelli,tax tips overtime,1,11633,0.08596234849136078,3-gram
2025-08-31,Ciattarelli,tax tips social,2,11633,0.17192469698272156,3-gram
2025-08-31,Ciattarelli,time business owner,6,11633,0.5157740909481646,3-gram
2025-08-31,Ciattarelli,time home buyers,1,11633,0.08596234849136078,3-gram
2025-08-31,Ciattarelli,tips social security,2,11633,0.17192469698272156,3-gram
2025-08-31,Ciattarelli,trading defense stocks,2,11633,0.17192469698272156,3-gram
2025-08-31,Ciattarelli,york times reports,2,11633,0.17192469698272156,3-gram
2025-08-31,Sherrill,armed services committee,1,6707,0.1490979573579842,3-gram
2025-08-31,Sherrill,gateway tunnel project,1,6707,0.1490979573579842,3-gram
2025-08-31,Sherrill,house armed services,1,6707,0.1490979573579842,3-gram
2025-08-31,Sherrill,https www.youtube.com watch,1,6707,0.1490979573579842,3-gram
2025-09-07,Ciattarelli,arrest release repeat,2,3165,0.6319115323854659,3-gram
2025-09-07,Ciattarelli,critical life skills,1,3165,0.31595576619273297,3-gram
2025-09-07,Ciattarelli,greenhouse gas initiative,1,3165,0.31595576619273297,3-gram
2025-09-07,Ciattarelli,https www.youtube.com watch,1,3165,0.31595576619273297,3-gram
2025-09-07,Ciattarelli,immigrant trust directive,1,3165,0.31595576619273297,3-gram
2025-09-07,Ciattarelli,murphy's failed policies,1,3165,0.31595576619273297,3-gram
2025-09-07,Ciattarelli,phil murphy's failed,1,3165,0.31595576619273297,3-gram
2025-09-07,Ciattarelli,public school system,1,3165,0.31595576619273297,3-gram
2025-09-07,Ciattarelli,regional greenhouse gas,1,3165,0.31595576619273297,3-gram
2025-09-07,Ciattarelli,time business owner,1,3165,0.31595576619273297,3-gram
2025-09-07,Ciattarelli,vocational training opportunities,1,3165,0.31595576619273297,3-gram
2025-09-07,Sherrill,freezing rate hikes,1,3664,0.2729257641921397,3-gram
2025-09-07,Sherrill,https www.youtube.com watch,2,3664,0.5458515283842794,3-gram
2025-09-07,Sherrill,navy helicopter pilot,1,3664,0.2729257641921397,3-gram
2025-09-14,Ciattarelli,care tax credit,1,9798,0.10206164523372117,3-gram
2025-09-14,Ciattarelli,child care tax,1,9798,0.10206164523372117,3-gram
2025-09-14,Ciattarelli,commercial lending act,4,9798,0.4082465809348847,3-gram
2025-09-14,Ciattarelli,critical life skills,2,9798,0.20412329046744235,3-gram
2025-09-14,Ciattarelli,federal tax return,1,9798,0.10206164523372117,3-gram
2025-09-14,Ciattarelli,firsttime home buyers,2,9798,0.20412329046744235,3-gram
2025-09-14,Ciattarelli,freeze property taxes,1,9798,0.10206164523372117,3-gram
2025-09-14,Ciattarelli,greenhouse gas initiative,2,9798,0.20412329046744235,3-gram
2025-09-14,Ciattarelli,https www.youtube.com watch,1,9798,0.10206164523372117,3-gram
2025-09-14,Ciattarelli,magnificent tax credit,1,9798,0.10206164523372117,3-gram
2025-09-14,Ciattarelli,mental health crisis,2,9798,0.20412329046744235,3-gram
2025-09-14,Ciattarelli,national report card,1,9798,0.10206164523372117,3-gram
2025-09-14,Ciattarelli,property tax bill,2,9798,0.20412329046744235,3-gram
2025-09-14,Ciattarelli,public school curriculum,2,9798,0.20412329046744235,3-gram
2025-09-14,Ciattarelli,reading writing math,4,9798,0.4082465809348847,3-gram
2025-09-14,Ciattarelli,regional greenhouse gas,2,9798,0.20412329046744235,3-gram
2025-09-14,Ciattarelli,successful independent contractor,1,9798,0.10206164523372117,3-gram
2025-09-14,Ciattarelli,tax tips social,1,9798,0.10206164523372117,3-gram
2025-09-14,Ciattarelli,time business owner,2,9798,0.20412329046744235,3-gram
2025-09-14,Ciattarelli,time home buyers,1,9798,0.10206164523372117,3-gram
2025-09-14,Ciattarelli,tips social security,1,9798,0.10206164523372117,3-gram
2025-09-14,Ciattarelli,vocational training opportunities,1,9798,0.10206164523372117,3-gram
2025-09-21,Ciattarelli,armed services committee,1,6501,0.15382248884786956,3-gram
2025-09-21,Ciattarelli,arrest release repeat,1,6501,0.15382248884786956,3-gram
2025-09-21,Ciattarelli,carbon tax policy,1,6501,0.15382248884786956,3-gram
2025-09-21,Ciattarelli,care tax credit,1,6501,0.15382248884786956,3-gram
2025-09-21,Ciattarelli,child care tax,1,6501,0.15382248884786956,3-gram
2025-09-21,Ciattarelli,critical life skills,2,6501,0.3076449776957391,3-gram
2025-09-21,Ciattarelli,energy master plan,2,6501,0.3076449776957391,3-gram
2025-09-21,Ciattarelli,federal tax return,1,6501,0.15382248884786956,3-gram
2025-09-21,Ciattarelli,greenhouse gas initiative,1,6501,0.15382248884786956,3-gram
2025-09-21,Ciattarelli,house armed services,1,6501,0.15382248884786956,3-gram
2025-09-21,Ciattarelli,https www.youtube.com watch,1,6501,0.15382248884786956,3-gram
2025-09-21,Ciattarelli,immigrant trust directive,1,6501,0.15382248884786956,3-gram
2025-09-21,Ciattarelli,laurel housing doctrine,1,6501,0.15382248884786956,3-gram
2025-09-21,Ciattarelli,local law enforcement,1,6501,0.15382248884786956,3-gram
2025-09-21,Ciattarelli,magnificent tax credit,1,6501,0.15382248884786956,3-gram
2025-09-21,Ciattarelli,mount laurel housing,1,6501,0.15382248884786956,3-gram
2025-09-21,Ciattarelli,murphy's failed policies,1,6501,0.15382248884786956,3-gram
2025-09-21,Ciattarelli,national report card,2,6501,0.3076449776957391,3-gram
2025-09-21,Ciattarelli,phil murphy's failed,1,6501,0.15382248884786956,3-gram
2025-09-21,Ciattarelli,public school system,1,6501,0.15382248884786956,3-gram
2025-09-21,Ciattarelli,reading writing math,2,6501,0.3076449776957391,3-gram
2025-09-21,Ciattarelli,regional greenhouse gas,1,6501,0.15382248884786956,3-gram
2025-09-21,Ciattarelli,restaurant bar owners,1,6501,0.15382248884786956,3-gram
2025-09-21,Ciattarelli,school funding formula,1,6501,0.15382248884786956,3-gram
2025-09-21,Ciattarelli,successful independent contractor,1,6501,0.15382248884786956,3-gram
2025-09-21,Ciattarelli,tax tips social,1,6501,0.15382248884786956,3-gram
2025-09-21,Ciattarelli,tips social security,1,6501,0.15382248884786956,3-gram
2025-09-21,Ciattarelli,trading defense stocks,1,6501,0.15382248884786956,3-gram
2025-09-21,Ciattarelli,vocational training opportunities,1,6501,0.15382248884786956,3-gram
2025-09-21,Ciattarelli,york times reports,1,6501,0.15382248884786956,3-gram
2025-09-21,Sherrill,firsttime home buyers,1,4838,0.20669698222405952,3-gram
2025-09-21,Sherrill,https www.youtube.com watch,2,4838,0.41339396444811904,3-gram
2025-09-28,Ciattarelli,affordable housing units,4,14113,0.2834266279316942,3-gram
2025-09-28,Ciattarelli,armed services committee,3,14113,0.21256997094877064,3-gram
2025-09-28,Ciattarelli,arrest release repeat,1,14113,0.07085665698292355,3-gram
2025-09-28,Ciattarelli,cap property taxes,2,14113,0.1417133139658471,3-gram
2025-09-28,Ciattarelli,carbon tax policy,3,14113,0.21256997094877064,3-gram
2025-09-28,Ciattarelli,care tax credit,2,14113,0.1417133139658471,3-gram
2025-09-28,Ciattarelli,child care tax,2,14113,0.1417133139658471,3-gram
2025-09-28,Ciattarelli,coal burning plants,1,14113,0.07085665698292355,3-gram
2025-09-28,Ciattarelli,electricity generation plants,2,14113,0.1417133139658471,3-gram
2025-09-28,Ciattarelli,federal tax return,1,14113,0.07085665698292355,3-gram
2025-09-28,Ciattarelli,freeze property taxes,2,14113,0.1417133139658471,3-gram
2025-09-28,Ciattarelli,gateway tunnel project,1,14113,0.07085665698292355,3-gram
2025-09-28,Ciattarelli,greenhouse gas initiative,2,14113,0.1417133139658471,3-gram
2025-09-28,Ciattarelli,house armed services,4,14113,0.2834266279316942,3-gram
2025-09-28,Ciattarelli,immigrant trust directive,2,14113,0.1417133139658471,3-gram
2025-09-28,Ciattarelli,laurel housing doctrine,1,14113,0.07085665698292355,3-gram
2025-09-28,Ciattarelli,local law enforcement,3,14113,0.21256997094877064,3-gram
2025-09-28,Ciattarelli,major urban centers,1,14113,0.07085665698292355,3-gram
2025-09-28,Ciattarelli,mass transit systems,3,14113,0.21256997094877064,3-gram
2025-09-28,Ciattarelli,mount laurel housing,1,14113,0.07085665698292355,3-gram
2025-09-28,Ciattarelli,property tax bill,3,14113,0.21256997094877064,3-gram
2025-09-28,Ciattarelli,property tax relief,1,14113,0.07085665698292355,3-gram
2025-09-28,Ciattarelli,public education system,1,14113,0.07085665698292355,3-gram
2025-09-28,Ciattarelli,public school system,1,14113,0.07085665698292355,3-gram
2025-09-28,Ciattarelli,reading writing math,1,14113,0.07085665698292355,3-gram
2025-09-28,Ciattarelli,regional greenhouse gas,2,14113,0.1417133139658471,3-gram
2025-09-28,Ciattarelli,school funding formula,4,14113,0.2834266279316942,3-gram
2025-09-28,Ciattarelli,smart growth strategies,4,14113,0.2834266279316942,3-gram
2025-09-28,Ciattarelli,tax tips overtime,1,14113,0.07085665698292355,3-gram
2025-09-28,Ciattarelli,time home buyers,1,14113,0.07085665698292355,3-gram
2025-09-28,Ciattarelli,trading defense stocks,3,14113,0.21256997094877064,3-gram
2025-09-28,Ciattarelli,york times reports,3,14113,0.21256997094877064,3-gram
2025-09-28,Sherrill,comprehensive immigration reform,1,12838,0.07789375292101573,3-gram
2025-09-28,Sherrill,freezing rate hikes,1,12838,0.07789375292101573,3-gram
2025-09-28,Sherrill,gateway tunnel project,2,12838,0.15578750584203147,3-gram
2025-09-28,Sherrill,immigrant trust directive,3,12838,0.23368125876304718,3-gram
2025-09-28,Sherrill,kids online safety,1,12838,0.07789375292101573,3-gram
2025-09-28,Sherrill,local law enforcement,4,12838,0.31157501168406293,3-gram
2025-09-28,Sherrill,mental health crisis,3,12838,0.23368125876304718,3-gram
2025-09-28,Sherrill,online safety act,1,12838,0.07789375292101573,3-gram
2025-09-28,Sherrill,property tax relief,2,12838,0.15578750584203147,3-gram
2025-09-28,Sherrill,public education system,1,12838,0.07789375292101573,3-gram
2025-09-28,Sherrill,transit oriented development,2,12838,0.15578750584203147,3-gram
2025-10-05,Ciattarelli,armed services committee,1,14328,0.06979341150195421,3-gram
2025-10-05,Ciattarelli,arrest release repeat,1,14328,0.06979341150195421,3-gram
2025-10-05,Ciattarelli,cap property taxes,1,14328,0.06979341150195421,3-gram
2025-10-05,Ciattarelli,carbon tax policy,3,14328,0.20938023450586266,3-gram
2025-10-05,Ciattarelli,care tax credit,4,14328,0.27917364600781686,3-gram
2025-10-05,Ciattarelli,child care tax,4,14328,0.27917364600781686,3-gram
2025-10-05,Ciattarelli,congestion pricing plan,2,14328,0.13958682300390843,3-gram
2025-10-05,Ciattarelli,critical life skills,1,14328,0.06979341150195421,3-gram
2025-10-05,Ciattarelli,egregious money grab,2,14328,0.13958682300390843,3-gram
2025-10-05,Ciattarelli,electricity generation plants,1,14328,0.06979341150195421,3-gram
2025-10-05,Ciattarelli,energy master plan,2,14328,0.13958682300390843,3-gram
2025-10-05,Ciattarelli,federal tax return,2,14328,0.13958682300390843,3-gram
2025-10-05,Ciattarelli,greenhouse gas initiative,1,14328,0.06979341150195421,3-gram
2025-10-05,Ciattarelli,heat heat heat,4,14328,0.27917364600781686,3-gram
2025-10-05,Ciattarelli,house armed services,1,14328,0.06979341150195421,3-gram
2025-10-05,Ciattarelli,immigrant trust directive,1,14328,0.06979341150195421,3-gram
2025-10-05,Ciattarelli,local law enforcement,1,14328,0.06979341150195421,3-gram
2025-10-05,Ciattarelli,magnificent tax credit,3,14328,0.20938023450586266,3-gram
2025-10-05,Ciattarelli,major urban centers,2,14328,0.13958682300390843,3-gram
2025-10-05,Ciattarelli,mass transit systems,2,14328,0.13958682300390843,3-gram
2025-10-05,Ciattarelli,monthly electric bill,3,14328,0.20938023450586266,3-gram
2025-10-05,Ciattarelli,murphy's failed policies,1,14328,0.06979341150195421,3-gram
2025-10-05,Ciattarelli,national report card,1,14328,0.06979341150195421,3-gram
2025-10-05,Ciattarelli,phil murphy's failed,1,14328,0.06979341150195421,3-gram
2025-10-05,Ciattarelli,property tax bill,1,14328,0.06979341150195421,3-gram
2025-10-05,Ciattarelli,public school curriculum,1,14328,0.06979341150195421,3-gram
2025-10-05,Ciattarelli,reading writing math,1,14328,0.06979341150195421,3-gram
2025-10-05,Ciattarelli,regional greenhouse gas,1,14328,0.06979341150195421,3-gram
2025-10-05,Ciattarelli,school funding formula,4,14328,0.27917364600781686,3-gram
2025-10-05,Ciattarelli,successful independent contractor,1,14328,0.06979341150195421,3-gram
2025-10-05,Ciattarelli,tax tips overtime,1,14328,0.06979341150195421,3-gram
2025-10-05,Ciattarelli,tax tips social,1,14328,0.06979341150195421,3-gram
2025-10-05,Ciattarelli,trading defense stocks,1,14328,0.06979341150195421,3-gram
2025-10-05,Ciattarelli,york times reports,1,14328,0.06979341150195421,3-gram
2025-10-05,Sherrill,armed services committee,1,6562,0.15239256324291373,3-gram
2025-10-05,Sherrill,comprehensive immigration reform,4,6562,0.6095702529716549,3-gram
2025-10-05,Sherrill,freezing rate hikes,2,6562,0.30478512648582745,3-gram
2025-10-05,Sherrill,gateway tunnel project,1,6562,0.15239256324291373,3-gram
2025-10-05,Sherrill,health benefits plan,2,6562,0.30478512648582745,3-gram
2025-10-05,Sherrill,house armed services,1,6562,0.15239256324291373,3-gram
2025-10-05,Sherrill,kids online safety,1,6562,0.15239256324291373,3-gram
2025-10-05,Sherrill,mental health crisis,1,6562,0.15239256324291373,3-gram
2025-10-05,Sherrill,navy helicopter pilot,2,6562,0.30478512648582745,3-gram
2025-10-05,Sherrill,online safety act,1,6562,0.15239256324291373,3-gram
2025-10-05,Sherrill,property tax relief,1,6562,0.15239256324291373,3-gram
2025-10-05,Sherrill,time home buyers,1,6562,0.15239256324291373,3-gram
2025-10-12,Ciattarelli,armed services committee,1,2294,0.43591979075850046,3-gram
2025-10-12,Ciattarelli,carbon tax policy,1,2294,0.43591979075850046,3-gram
2025-10-12,Ciattarelli,care tax credit,1,2294,0.43591979075850046,3-gram
2025-10-12,Ciattarelli,child care tax,1,2294,0.43591979075850046,3-gram
2025-10-12,Ciattarelli,congestion pricing plan,2,2294,0.8718395815170009,3-gram
2025-10-12,Ciattarelli,critical life skills,2,2294,0.8718395815170009,3-gram
2025-10-12,Ciattarelli,egregious money grab,1,2294,0.43591979075850046,3-gram
2025-10-12,Ciattarelli,federal tax return,1,2294,0.43591979075850046,3-gram
2025-10-12,Ciattarelli,freeze property taxes,1,2294,0.43591979075850046,3-gram
2025-10-12,Ciattarelli,greenhouse gas initiative,1,2294,0.43591979075850046,3-gram
2025-10-12,Ciattarelli,house armed services,1,2294,0.43591979075850046,3-gram
2025-10-12,Ciattarelli,magnificent tax credit,1,2294,0.43591979075850046,3-gram
2025-10-12,Ciattarelli,major urban centers,1,2294,0.43591979075850046,3-gram
2025-10-12,Ciattarelli,murphy's failed policies,1,2294,0.43591979075850046,3-gram
2025-10-12,Ciattarelli,phil murphy's failed,1,2294,0.43591979075850046,3-gram
2025-10-12,Ciattarelli,regional greenhouse gas,1,2294,0.43591979075850046,3-gram
2025-10-12,Ciattarelli,school funding formula,1,2294,0.43591979075850046,3-gram
2025-10-12,Ciattarelli,smart growth strategies,1,2294,0.43591979075850046,3-gram
2025-10-12,Ciattarelli,tax tips overtime,1,2294,0.43591979075850046,3-gram
2025-10-12,Ciattarelli,trading defense stocks,1,2294,0.43591979075850046,3-gram
2025-10-12,Ciattarelli,vocational training opportunities,1,2294,0.43591979075850046,3-gram
2025-10-12,Ciattarelli,york times reports,1,2294,0.43591979075850046,3-gram
2025-10-12,Sherrill,congresswoman mikey cheryl,5,11095,0.45065344749887337,3-gram
2025-10-12,Sherrill,firsttime home buyers,1,11095,0.09013068949977468,3-gram
2025-10-12,Sherrill,freezing rate hikes,4,11095,0.3605227579990987,3-gram
2025-10-12,Sherrill,gateway tunnel project,2,11095,0.18026137899954936,3-gram
2025-10-12,Sherrill,health benefits plan,5,11095,0.45065344749887337,3-gram
2025-10-12,Sherrill,kids online safety,3,11095,0.270392068499324,3-gram
2025-10-12,Sherrill,mikey mikey mikey,7,11095,0.6309148264984228,3-gram
2025-10-12,Sherrill,navy helicopter pilot,1,11095,0.09013068949977468,3-gram
2025-10-12,Sherrill,online safety act,3,11095,0.270392068499324,3-gram
2025-10-12,Sherrill,property tax relief,4,11095,0.3605227579990987,3-gram
2025-10-12,Sherrill,representative mikey cheryl,3,11095,0.270392068499324,3-gram
2025-10-12,Sherrill,south asian community,5,11095,0.45065344749887337,3-gram
2025-10-12,Sherrill,transit oriented development,1,11095,0.09013068949977468,3-gram
2025-10-19,Ciattarelli,arrest release repeat,1,2461,0.4063388866314506,3-gram
2025-10-19,Ciattarelli,carbon tax policy,1,2461,0.4063388866314506,3-gram
2025-10-19,Ciattarelli,electricity generation plants,3,2461,1.219016659894352,3-gram
2025-10-19,Ciattarelli,greenhouse gas initiative,1,2461,0.4063388866314506,3-gram
2025-10-19,Ciattarelli,local law enforcement,1,2461,0.4063388866314506,3-gram
2025-10-19,Ciattarelli,national report card,1,2461,0.4063388866314506,3-gram
2025-10-19,Ciattarelli,public school curriculum,1,2461,0.4063388866314506,3-gram
2025-10-19,Ciattarelli,regional greenhouse gas,1,2461,0.4063388866314506,3-gram
2025-10-19,Ciattarelli,school funding formula,1,2461,0.4063388866314506,3-gram
2025-10-19,Ciattarelli,successful independent contractor,1,2461,0.4063388866314506,3-gram
2025-10-19,Ciattarelli,successful restaurant bar,1,2461,0.4063388866314506,3-gram
2025-10-19,Ciattarelli,time business owner,1,2461,0.4063388866314506,3-gram
2025-08-10,Sherrill,jobs,2,688,2.9069767441860463,1-gram
2025-08-24,Sherrill,economy,2,6328,0.31605562579013907,1-gram
2025-08-24,Sherrill,infrastructure,1,6328,0.15802781289506954,1-gram
2025-08-24,Sherrill,jobs,4,6328,0.6321112515802781,1-gram
2025-08-31,Ciattarelli,economy,3,11633,0.2578870454740823,1-gram
2025-08-31,Ciattarelli,infrastructure,1,11633,0.08596234849136078,1-gram
2025-08-31,Ciattarelli,jobs,5,11633,0.4298117424568039,1-gram
2025-08-31,Sherrill,economy,3,6707,0.4472938720739526,1-gram
2025-08-31,Sherrill,infrastructure,1,6707,0.1490979573579842,1-gram
2025-09-07,Ciattarelli,jobs,1,3165,0.31595576619273297,1-gram
2025-09-07,Sherrill,economy,1,3664,0.2729257641921397,1-gram
2025-09-14,Ciattarelli,economy,1,9798,0.10206164523372117,1-gram
2025-09-14,Ciattarelli,healthcare,2,9798,0.20412329046744235,1-gram
2025-09-14,Ciattarelli,immigration,1,9798,0.10206164523372117,1-gram
2025-09-14,Ciattarelli,jobs,3,9798,0.3061849357011635,1-gram
2025-09-21,Ciattarelli,economy,1,6501,0.15382248884786956,1-gram
2025-09-21,Ciattarelli,immigration,1,6501,0.15382248884786956,1-gram
2025-09-21,Sherrill,economy,2,4838,0.41339396444811904,1-gram
2025-09-21,Sherrill,jobs,1,4838,0.20669698222405952,1-gram
2025-09-28,Ciattarelli,economy,4,14113,0.2834266279316942,1-gram
2025-09-28,Ciattarelli,immigration,3,14113,0.21256997094877064,1-gram
2025-09-28,Ciattarelli,infrastructure,6,14113,0.4251399418975413,1-gram
2025-09-28,Ciattarelli,jobs,8,14113,0.5668532558633884,1-gram
2025-09-28,Sherrill,economy,6,12838,0.46736251752609437,1-gram
2025-09-28,Sherrill,healthcare,5,12838,0.3894687646050787,1-gram
2025-09-28,Sherrill,immigration,2,12838,0.15578750584203147,1-gram
2025-09-28,Sherrill,infrastructure,2,12838,0.15578750584203147,1-gram
2025-09-28,Sherrill,jobs,1,12838,0.07789375292101573,1-gram
2025-10-05,Ciattarelli,economy,5,14328,0.3489670575097711,1-gram
2025-10-05,Ciattarelli,healthcare,6,14328,0.4187604690117253,1-gram
2025-10-05,Ciattarelli,immigration,3,14328,0.20938023450586266,1-gram
2025-10-05,Ciattarelli,infrastructure,2,14328,0.13958682300390843,1-gram
2025-10-05,Ciattarelli,jobs,7,14328,0.48855388051367954,1-gram
2025-10-05,Sherrill,climate,1,6562,0.15239256324291373,1-gram
2025-10-05,Sherrill,economy,4,6562,0.6095702529716549,1-gram
2025-10-05,Sherrill,immigration,5,6562,0.7619628162145687,1-gram
2025-10-05,Sherrill,infrastructure,2,6562,0.30478512648582745,1-gram
2025-10-05,Sherrill,jobs,2,6562,0.30478512648582745,1-gram
2025-10-12,Ciattarelli,economy,1,2294,0.43591979075850046,1-gram
2025-10-12,Ciattarelli,infrastructure,1,2294,0.43591979075850046,1-gram
2025-10-12,Ciattarelli,jobs,2,2294,0.8718395815170009,1-gram
2025-10-12,Sherrill,climate,1,11095,0.09013068949977468,1-gram
2025-10-12,Sherrill,economy,11,11095,0.9914375844975213,1-gram
2025-10-12,Sherrill,healthcare,4,11095,0.3605227579990987,1-gram
2025-10-12,Sherrill,infrastructure,4,11095,0.3605227579990987,1-gram
2025-10-12,Sherrill,jobs,6,11095,0.540784136998648,1-gram
2025-10-19,Ciattarelli,economy,3,2461,1.219016659894352,1-gram
2025-10-19,Ciattarelli,infrastructure,2,2461,0.8126777732629012,1-gram
2025-10-19,Ciattarelli,jobs,1,2461,0.4063388866314506,1-gram
2025-10-19,Sherrill,jobs,2,905,2.2099447513812156,1-gram
2025-08-24,Sherrill,middle class,1,6328,0.15802781289506954,2-gram
2025-09-28,Ciattarelli,middle class,1,14113,0.07085665698292355,2-gram
2025-09-28,Ciattarelli,tax cuts,2,14113,0.1417133139658471,2-gram
2025-10-05,Ciattarelli,middle class,3,14328,0.20938023450586266,2-gram
2025-10-12,Sherrill,climate change,1,11095,0.09013068949977468,2-gram
2025-10-12,Sherrill,middle class,1,11095,0.09013068949977468,2-gram
